pl_name,ra,dec,pl_orbincl,pl_bmasse,pl_orbsmax,pl_orbeccen,pl_orblper,pl_orbper,pl_Omega,vx,vy,vz,x,y,z
14_Her_b,242.6021014,43.8163621,144.652,2559.47216,2.774,0.373,23.043,1765.0389,286.6919020651586,-4.64113,0.88954,2.97201,-0.07219,-1.69258,0.39387
51_Eri_b,69.4007424,-2.4738245,133.0,635.66,13.2,0.45,87.0,11688.0,105.37023018744026,0.83989,-2.67728,0.10748,4.66696,1.67694,5.30235
51_Peg_b,344.3675399,20.7690958,80.0,146.2018,0.0527,0.013,58.0,4.230785,195.86156721155342,23.31683,3.97254,14.47044,-0.02442,-0.0149,0.04344
55_Cnc_b,133.1468373,28.3298154,89.73,263.9785,0.1134,0.0,-21.5,14.6516,46.85348012203582,4.6168,5.04523,17.35987,0.0723,0.07685,-0.04156
55_Cnc_c,133.1468373,28.3298154,89.73,54.4738,0.2373,0.03,2.4,44.3989,46.85348012203582,-0.42628,-0.36329,13.27938,0.15724,0.16783,0.00964
55_Cnc_d,133.1468373,28.3298154,89.73,1232.493,5.957,0.13,-69.1,5574.2,46.85348012203582,1.87079,2.00313,1.04662,1.281,1.33331,-4.84155
55_Cnc_e,133.1468373,28.3298154,83.59,7.99,0.01544,0.05,86.0,0.7365474,47.032405338212584,-36.44806,-38.52269,3.68511,-0.0005,0.00186,0.01454
55_Cnc_f,133.1468373,28.3298154,89.73,44.812,0.7708,0.08,-97.6,259.88,46.85348012203582,5.25966,5.60439,-1.02551,-0.06172,-0.07069,-0.7029
7_CMa_b,99.171276,-19.2561808,90.0,587.9855,1.758,0.06,165.3,735.1,80.82872400000001,-0.20353,-1.26064,-4.8675,-0.25477,-1.578,0.41934
7_CMa_c,99.171276,-19.2561808,90.0,276.5121,2.153,0.08,233.5,996.0,80.82872400000001,0.59444,3.68186,-2.75971,-0.18779,-1.16314,-1.59225
AF_Lep_b,81.7699216,-11.9011752,50.0,1017.0509,8.4,0.24,210.0,8030.0,96.32253905889175,1.37964,1.5459,-1.83708,2.64815,-5.26913,-2.44521
AU_Mic_b,311.2911369,-31.34245,89.5,20.12,0.0645,0.186,88.528,8.4629991,228.70994481298268,19.70411,22.42643,0.7671,-0.00055,-0.00132,0.05248
AU_Mic_c,311.2911369,-31.34245,89.227,9.6,0.1101,0.00338,223.2844,18.858991,228.7114485562895,-8.73596,-9.66516,-13.82999,0.05194,0.06069,-0.07522
BD_45_564_b,32.9470485,45.9242187,2.579,432.24663,0.83,0.12,70.31,307.88,93.97164112980522,-2.10516,-7.48938,0.11796,-0.70239,0.19792,0.03094
BD_55_362_b,23.9636676,56.6982282,0.601,228.83645,0.78,0.27,-134.44,265.59,91.35189931989056,6.40984,6.85293,-0.06892,0.41581,-0.38897,-0.00426
BD_63_1405_b,271.3979337,63.6700064,5.974,3305.41543,2.06,0.88,94.25,1198.48,269.85447847661084,-1.23325,17.28299,-0.13365,0.24523,0.0177,0.02566
BD_00_4475_b,347.7108441,0.4085612,13.31,7961.6016,1.48,0.39,-97.55,723.2,223.4169655629822,-6.29909,-4.58791,-0.23583,-0.51243,0.71415,-0.20604
BD_14_3065_b,153.6696689,-15.6428372,80.78,3932.0,0.0656,0.066,54.0,4.2889731,26.62768042150293,-20.06011,-7.29641,15.20563,0.02863,0.02324,0.04893
BD_210397_c,33.3024198,-21.1962147,33.0,1525.57635,5.9,0.43,174.0,6240.0,129.6606801677214,2.90415,1.85139,-2.21926,1.90768,-2.76295,0.19146
CoRoT_10_b,291.0636813,0.7460143,88.55,874.0,0.1055,0.53,218.9,13.2406,248.94247229405084,-8.51638,-20.20659,-27.15355,0.01313,0.0363,-0.03113
CoRoT_12_b,100.7656871,-1.2964437,85.48,291.438,0.04016,0.07,105.0,2.828042,79.2670164391056,-5.37572,-32.04403,-8.67714,-0.00459,-0.00897,0.03596
CoRoT_16_b,278.5246658,-6.0026026,85.01,170.032,0.0618,0.33,168.41,5.35227,261.5071715261325,-1.94442,7.524,-34.75188,0.00671,0.04001,0.00829
CoRoT_17_b,278.699236,-6.612288,88.34,772.29,0.0461,0.0,0.0,3.7681,261.3043590159081,0.83798,-0.12816,29.25143,-0.00697,-0.04557,0.0
CoRoT_2_b,291.7770457,1.3836634,88.08,1102.82,0.02798,0.0143,102.0,1.7429935,248.23403728125948,13.57419,34.71225,-7.91775,0.00297,0.00499,0.02696
CoRoT_20_b,97.7204249,0.2268931,88.21,1366.669,0.09,0.59,60.1,9.24285,82.28329705238804,-5.43736,-35.34463,20.54981,0.00148,0.01836,0.03197
CoRoT_22_b,280.6671392,6.2191669,89.749,12.2,0.092,0.077,210.0,9.75598,259.33296080856405,-2.15439,-10.97922,-19.37847,0.01343,0.0723,-0.04246
CoRoT_23_b,279.7826586,4.3577516,85.7,889.9,0.048,0.16,52.0,3.6313,260.24434841179914,6.03323,25.90946,20.69028,-0.00186,-0.02487,0.03168
CoRoT_28_b,278.6883216,5.5736911,88.1,153.82972,0.0603,0.047,126.0,5.20851,261.3163822700752,2.75915,21.5275,-15.75535,0.00662,0.03316,0.04647
CoRoT_29_b,278.9020691,6.4795703,87.3,270.1555,0.0386,0.082,87.0,2.85057,261.1076552936048,5.44416,34.24235,1.81508,0.00136,-0.00209,0.03535
CoRoT_30_b,277.6011767,6.8359338,90.0,921.707,0.0844,0.007,178.1,9.06005,262.3988233,0.09552,0.71576,-21.76757,0.01108,0.08303,0.00278
CoRoT_31_b,94.820735,-4.4222978,83.2,266.9772,0.0586,0.02,303.6,4.62941,85.21301827796277,0.11157,22.12362,14.55073,0.0083,0.0312,-0.0475
CoRoT_5_b,101.2772396,0.8152163,85.83,148.42,0.04947,0.09,-128.34,4.0378962,78.75185262695067,6.09795,23.51195,-19.12805,-0.00293,-0.02789,-0.03522
CoRoT_7_b,100.9561682,-1.0630076,80.1,4.07661,0.017016,0.0,160.0,0.85359163,79.20311379051287,4.55809,-17.64028,-44.58835,-0.00398,-0.01552,0.00573
CoRoT_7_c,100.9561682,-1.0630076,80.0,8.4,0.046,0.0,180.0,3.698,79.20634140067354,4.99711,-0.95268,-28.85044,-0.00861,-0.04519,0.0
CoRoT_9_b,280.7866461,6.2040783,89.9,266.9772,0.4021,0.133,41.0,95.272656,259.21336994354795,1.40543,7.29714,8.54865,-0.04885,-0.25853,0.22872
DENIS_P_J082303.1_491201_b,125.7620668,-49.2003008,56.6,9057.77,0.36,0.345,36.3,246.36,58.982708386395835,-10.28332,-4.18299,10.09655,0.03207,0.20246,0.11654
EPIC_211822797_b,130.4102091,17.6399744,89.73,4.35,0.1195,0.06,0.0,21.1701963,49.59010491346632,-0.06926,0.05896,19.30101,0.07282,0.08553,0.0
EPIC_211945201_b,136.5741931,19.4020565,87.9,27.0,0.1493,0.0,90.0,19.49221,43.44502476797665,-11.80612,-11.18208,0.0,-0.00376,0.00397,0.1492
EPIC_220674823_c,13.0800239,10.7947051,89.35,8.9,0.1083,0.13,178.0,13.3397,166.91916329487353,0.79552,0.06843,-21.74466,0.09171,-0.02135,0.00329
EPIC_249893012_b,228.2482353,-16.7246474,86.14,8.75,0.047,0.06,225.0,3.5951,311.6871298203875,13.37925,-17.22615,-21.71294,-0.02235,0.02193,-0.03117
EPIC_249893012_c,228.2482353,-16.7246474,87.94,14.67,0.13,0.07,217.0,15.624,311.73336410690456,7.08775,-8.75193,-14.91854,-0.06623,0.07031,-0.07271
EPIC_249893012_d,228.2482353,-16.7246474,89.47,10.18,0.22,0.15,181.0,35.747,311.75054689827175,0.07357,-0.29884,-15.57841,-0.12452,0.13947,-0.00326
G_9_40_b,134.7188514,21.0747961,88.57,11.7,0.0385,0.0,0.0,5.746007,45.29007164244619,-0.56792,0.5622,32.0121,0.02709,0.02736,0.0
GJ_1132_b,153.7090696,-47.1549358,88.16,1.83705,0.0157,0.0118,-95.8,1.62892911,26.302666878227825,45.32724,22.22109,-5.12501,-0.00119,-0.00114,-0.01543
GJ_1214_b,258.8313991,4.9606795,88.98,8.41,0.01505,0.0062,77.0,1.58040453,281.16687562887677,-9.52242,49.30366,11.59107,0.00091,-0.00325,0.01457
GJ_1252_b,306.9286462,-56.4622865,85.0,1.32,0.00915,0.0,90.0,0.5182331,233.17621341442788,39.36898,52.58008,0.0,0.00064,-0.00048,0.00912
GJ_143_b,51.7501882,-63.500166,89.33,22.7,0.1915,0.188,98.0,35.61253,128.2479071979646,10.66889,-13.48879,-2.41686,0.01198,-0.01811,0.15397
GJ_179_b,73.0245495,6.4752347,61.0,301.93699,2.41,0.21,153.0,2288.0,104.9486236090561,2.6771,-1.63894,-3.90347,0.03272,-1.74707,0.75598
GJ_2030_c,50.8237604,-7.7950429,16.999,4069.15709,16.761,0.041,205.126,25533.11353,103.40019041416846,1.1894,0.98131,-0.42324,9.72185,-12.64402,-1.99535
GJ_3090_b,20.4384281,-46.7147234,87.14,3.34,0.03165,0.32,137.0,2.8531054,159.53819422629618,32.06932,-10.04932,-35.94278,0.01449,-0.00619,0.01466
GJ_317_b,130.2445254,-23.452809,45.0,794.5,1.151,0.07,72.0,695.66,59.09972799021894,-4.24598,-4.42155,1.37265,-0.44782,0.65351,0.71986
GJ_3470_b,119.7735021,15.391209,89.13,13.9,0.0355,0.017,1.7,3.3366496,60.22934491622582,-0.9465,-0.61784,33.90066,0.01731,0.03029,0.00104
GJ_3634_b,164.6433493,-31.1443383,59.0,8.4,0.0287,0.08,84.0,2.64561,17.765195981325476,-38.71859,-10.13355,3.60045,-0.0015,0.01372,0.02251
GJ_367_b,146.121464,-45.7790165,79.89,0.633,0.00709,0.06,66.0,0.3219225,34.29471042826788,-62.99242,-36.11386,31.72946,0.00164,0.00241,0.00599
GJ_3929_b,239.5775678,35.4081141,88.442,1.75,0.0252,0.0,90.0,2.616235,300.41318240628175,-20.03685,34.13398,0.0,0.00059,0.00035,0.02519
GJ_436_b,175.5505363,26.7030669,86.44,22.1,0.0291,0.13827,351.0,2.64388312,4.458031690943047,6.40037,3.10308,41.7303,0.02471,0.00168,-0.00392
GJ_463_b,185.7440496,64.0324311,152.0,1144.18227,3.53,0.09,-69.0,3448.0,347.90655563498575,3.09847,-1.84828,0.61578,1.68039,2.34796,-1.40792
GJ_486_b,191.981531,9.7494181,88.9,3.0,0.01713,0.0,90.0,1.4671205,348.0163243822491,-46.96041,9.96776,0.0,7e-05,0.00032,0.01713
GJ_676_A_b,262.5448903,-51.6377777,48.919,1840.86213,1.735,0.319,87.073,1051.44521,275.633230440532,-0.42911,6.61982,0.25553,0.77758,0.01607,0.88946
GJ_676_A_c,262.5448903,-51.6377777,33.69,4288.14087,9.726,0.295,263.949,13921.42302,274.15155925393293,-0.04229,-2.72557,-0.15966,-5.71089,0.31018,-3.78229
GJ_680_b,263.8072214,-48.6788427,21.984,7977.49302,10.138,0.381,149.564,17281.66514,272.3260433040408,-2.4152,1.39626,-0.95134,2.7258,5.52582,1.19004
GJ_832_b,323.3912616,-49.0125169,51.0,314.65012,3.7,0.05,207.0,3853.0,223.7094546415077,-2.45755,0.31462,-2.37791,1.56995,2.89007,-1.24015
GJ_876_b,343.3239737,-14.2665958,59.0,723.2235,0.208317,0.0324,50.3,61.1166,199.26323300753612,11.87154,-0.80682,7.78578,-0.09519,-0.11788,0.13293
GJ_876_c,343.3239737,-14.2665958,59.0,226.9846,0.12959,0.25591,48.76,30.0881,199.26323300753612,18.63638,-1.64252,12.81307,-0.04769,-0.05622,0.06215
GJ_876_d,343.3239737,-14.2665958,59.0,6.83,0.020807,0.207,234.0,1.93778,199.26323300753612,-46.40908,1.01465,-27.0755,0.00689,0.00969,-0.01144
GJ_876_e,343.3239737,-14.2665958,59.0,14.6,0.3343,0.055,239.0,124.26,199.26323300753612,-10.2959,-0.37172,-5.06905,0.10759,0.18534,-0.23211
GJ_896_A_b,352.9700384,19.9370011,69.2,718.2922,0.63965,0.35,353.11,284.39,187.51465571365176,-0.82455,-4.13479,10.50756,-0.41154,-0.03642,-0.04663
GJ_9714_b,315.4141767,-32.5250028,155.326,2988.54051,12.319,0.155,92.13,19240.75467,247.04568254280878,0.88076,1.89831,-0.03247,-8.55322,4.04274,4.34252
HAT_P_1_b,344.4453632,38.674919,85.634,166.86075,0.05561,0.0,253.1,4.46529976,195.59770539298455,-24.71328,-6.28681,-7.72306,0.01448,0.00825,-0.05305
HAT_P_11_b,297.7101763,48.0818635,89.36,26.69772,0.05254,0.218,19.0,4.88780244,242.2912951883926,5.49866,9.6925,32.34432,-0.01793,-0.03446,0.01338
HAT_P_11_c,297.7101763,48.0818635,135.7,731.009,4.13,0.601,143.7,3407.0,249.85522181176282,4.61638,2.21191,-3.48597,-0.19811,1.48728,0.68135
HAT_P_12_b,209.3886452,43.49331,89.0,67.059,0.0384,0.0,354.3,3.2130598,330.6076231287668,3.04793,-1.0778,31.90035,0.03326,-0.01881,-0.00381
HAT_P_13_b,129.8823772,47.3519076,83.4,270.462,0.04383,0.0133,210.0,2.91625,50.30496761530063,12.04207,9.76745,-26.16456,-0.02201,-0.03041,-0.02148
HAT_P_14_b,260.1161719,38.2421682,83.5,1093.3352,0.0596,0.11,106.1,4.62767,279.8215346193892,-5.59967,27.05646,-7.91946,0.00318,0.01548,0.05064
HAT_P_15_b,66.248142,39.460602,89.1,616.5902,0.0965,0.19,262.0,10.8635,113.74925209337673,-9.72825,22.24298,-3.41153,0.00549,-0.00947,-0.07739
HAT_P_16_b,9.5730343,42.4630961,86.6,1332.605,0.0413,0.036,214.0,2.77596,170.4103990066354,-17.40991,4.53962,-26.52499,0.03277,-0.0042,-0.02222
HAT_P_17_b,324.5359781,30.4881882,89.2,184.3414,0.0882,0.35,201.0,10.33852,215.46666126988814,-9.1298,-6.01624,-28.46198,0.04342,0.03129,-0.02054
HAT_P_18_b,256.346376,33.0123251,88.8,62.61,0.0559,0.084,120.0,5.508023,283.6507415837229,-6.20282,24.25772,-14.45159,-0.00514,0.0251,0.04433
HAT_P_19_b,9.5165832,34.7114025,89.52,88.03847,0.04599,0.07,256.0,4.00878322,170.48308894374293,-30.06297,5.10452,-7.60254,0.01026,-0.00137,-0.0415
HAT_P_2_b,245.1514324,41.0479601,86.16,2866.81223,0.06814,0.5172,188.01,5.6335158,294.7994986625816,-0.07482,-6.5844,-42.15825,-0.01394,0.02944,-0.00457
HAT_P_20_b,111.9164295,24.3361185,86.8,2302.899,0.0361,0.015,317.0,2.875317,68.11451291915843,7.26215,21.75503,24.51269,0.01095,0.02363,-0.02421
HAT_P_21_b,171.2749348,41.0280207,87.2,1547.8321,0.0494,0.23,305.8,4.12448,8.735333415064053,28.48749,5.41012,20.87513,0.02222,0.00189,-0.03081
HAT_P_22_b,155.6814593,50.1287115,86.9,785.0401,0.0414,0.02,156.0,3.21222,24.350042549006016,-11.03226,-6.70124,-28.73829,-0.03414,-0.01447,0.01648
HAT_P_23_b,306.1239076,16.7621462,85.1,664.237,0.0232,0.106,118.0,1.212884,233.97593331228114,22.33783,33.84668,-21.46169,0.00699,0.00696,0.01825
HAT_P_24_b,108.8251171,14.2626064,88.6,238.3725,0.04651,0.07,197.0,3.35524,71.18010677168374,3.63859,8.41274,-29.87609,-0.01305,-0.03925,-0.01264
HAT_P_25_b,48.4354731,25.1973548,88.22,180.84527,0.0466,0.023,287.0,3.65281514,131.55079962294258,-19.09421,21.13577,8.70369,-0.00782,0.01086,-0.04352
HAT_P_26_b,213.1565508,4.0594175,88.6,22.2481,0.0479,0.12,46.0,4.23452,326.8356163148178,-19.20195,13.20501,22.49165,0.02492,-0.0154,0.03031
HAT_P_27_b,222.7673221,5.9473626,85.0,197.05,0.04,0.0,0.0,3.039577,317.1237717197954,1.86303,2.00653,31.29638,0.02931,-0.02722,0.0
HAT_P_28_b,13.0009159,34.728402,88.0,198.953,0.0434,0.051,233.0,3.257215,166.99142892825108,-24.54789,6.35538,-19.08981,0.02441,-0.00446,-0.03287
HAT_P_29_b,33.1310921,51.7787754,87.1,279.6904,0.0667,0.09,159.0,5.72319,146.8352938882979,8.67559,-4.16716,-24.82588,0.04683,-0.03192,0.02172
HAT_P_3_b,206.0940142,48.028565,87.24,206.5895,0.03866,0.0,107.7,2.8997,333.8797073385844,-27.53988,12.9827,-9.70433,-0.00977,0.00677,0.03679
HAT_P_30_b,123.9498431,5.8368669,83.6,263.7989,0.0419,0.04,252.0,2.8106,56.21589690173776,17.81074,24.64226,-9.81118,-0.00337,-0.0127,-0.03802
HAT_P_31_b,271.5376722,26.4266061,87.1,721.4741,0.061,0.25,276.3,5.00542,268.46429606526027,-0.6926,-32.63756,3.59936,-0.00243,-0.00496,-0.04542
HAT_P_32_b,31.0427614,46.6878512,88.98,216.1244,0.03397,0.159,50.0,2.1500082,148.95322683248438,26.02912,-16.2033,25.72021,-0.01593,0.00914,0.02188
HAT_P_33_b,113.1842383,33.8350214,87.2,292.4036,0.04995,0.0,15.0,3.47447,66.84052116889625,-4.08133,-6.16818,27.12296,0.01839,0.04461,0.01291
HAT_P_34_b,303.1954355,18.1047776,87.1,1058.3739,0.06774,0.432,21.9,5.452654,236.83819431908103,9.3269,10.9843,35.51971,-0.01892,-0.03028,0.01433
HAT_P_35_b,123.250703,4.7870288,87.3,335.62848,0.04978,0.02,248.0,3.646706,56.77847206851557,15.01861,22.00667,-10.75059,-0.00823,-0.01646,-0.04518
HAT_P_36_b,188.2662048,44.9153672,87.13,587.41341,0.0241,0.063,51.0,1.32734683,351.7235576877351,-32.95755,6.16681,27.09536,0.01419,-0.00118,0.01753
HAT_P_37_b,284.2960393,51.2691212,86.9,371.528,0.0379,0.058,164.0,2.797436,255.7240247890448,0.6017,9.57523,-32.83094,0.00898,0.03313,0.00983
HAT_P_38_b,35.3834942,32.2460441,88.3,84.857,0.0523,0.067,240.0,4.640382,144.60459699118957,-20.48961,15.09336,-14.68416,0.02061,-0.01311,-0.04224
HAT_P_4_b,229.99122,36.229545,89.91,213.255,0.04438,0.0,97.4,3.056536,310.0087451921311,-19.0198,22.6505,-3.84137,-0.00362,0.00442,0.04401
HAT_P_44_b,213.1438604,47.0147826,89.1,111.871,0.0507,0.044,113.0,4.301219,326.85290347243847,-22.57228,14.52739,-11.39257,-0.01547,0.01094,0.04461
HAT_P_45_b,274.3732697,-3.3810594,87.8,283.492,0.0452,0.049,146.0,3.128992,265.62994127381984,0.33761,17.38161,-25.71355,0.00364,0.03546,0.02402
HAT_P_46_b,270.4441831,-2.97098,85.5,156.684,0.0577,0.123,70.0,4.463129,269.55718611365023,1.00922,27.80731,10.09236,0.0036,-0.01734,0.0474
HAT_P_49_b,305.4413294,26.6926759,86.2,699.226,0.04378,0.0,0.0,2.69155,234.6182243586045,1.62259,-1.15234,29.96306,-0.02535,-0.03569,0.0
HAT_P_6_b,354.7740917,42.4659866,85.51,419.5356,0.05239,0.0,94.1,3.85298,185.24190643721613,27.25204,2.65452,-1.95664,0.0041,-0.00373,0.0521
HAT_P_7_b,292.24719,47.9695429,83.11,584.8072,0.03676,0.0,204.0,2.20474,247.8979542108193,-8.34277,-10.99843,-29.72176,0.01097,0.03179,-0.01484
HAT_P_8_b,343.0414932,35.4471778,87.8,406.8224,0.04496,0.0,116.0,3.07634,196.9702972388931,25.32815,8.2506,-12.98041,0.0193,0.00427,0.04038
HAT_P_9_b,110.1685157,37.1405946,86.44,238.05467,0.05287,0.084,152.0,3.92281072,69.86727507807052,-3.27331,-13.66393,-26.19619,-0.01604,-0.03966,0.02269
HATS_1_b,175.5252399,-23.3548451,85.6,589.55,0.0444,0.12,18.0,3.446459,4.487933352671736,-10.55552,1.63356,31.89925,0.03697,0.00383,0.01204
HATS_2_b,176.7388264,-22.5630097,87.83,435.42492,0.02317,0.29,0.0,1.35413379,3.263508876806123,-0.11993,2.10335,55.59951,0.01642,0.00094,0.0
HATS_22_b,174.0098693,-29.5433642,87.96,870.8542,0.05025,0.079,56.0,4.7228124,5.9939018915448505,-25.07724,-2.0258,16.95427,0.0256,0.00406,0.03834
HATS_24_b,268.8907069,-61.7474,85.97,718.2958,0.0238,0.0,90.0,1.3484978,271.1065509326362,-0.78653,40.72025,0.0,0.00167,3e-05,0.02374
HATS_3_b,312.4574879,-24.4286938,86.2,340.382,0.0485,0.0,155.0,3.547851,227.60531039684483,6.864,10.06009,-25.80054,0.03064,0.03155,0.02045
HATS_4_b,94.1120914,-22.5468824,88.5,420.471,0.0362,0.013,275.0,2.516729,85.88931287971606,2.31297,33.24825,2.91487,0.00115,0.00304,-0.03558
HATS_41_b,103.5173558,-27.0504156,80.4,3082.951,0.0583,0.38,136.0,4.193649,76.66513344945632,-1.68835,-27.3158,-27.53585,-0.01007,-0.02433,0.02476
HATS_43_b,80.5382418,-30.9708179,89.24,82.95363,0.04944,0.173,330.0,4.3888497,99.4609408768341,-3.14727,16.53458,29.14267,-0.00555,0.03497,-0.02044
HATS_5_b,67.2228465,-21.4820568,89.3,75.323,0.0542,0.019,204.0,4.763387,112.77562713253553,-4.04802,10.43434,-25.12642,0.01905,-0.04468,-0.02162
HATS_59_b,170.324325,-22.388177,88.1,256.17098,0.06112,0.129,227.0,5.416081,9.680896762340096,20.97052,2.91363,-19.72289,-0.03557,-0.00738,-0.03891
HD_100777_b,173.9646303,-4.7555425,90.0,390.92894,1.06,0.38,204.0,383.0,6.035369699999981,3.68273,0.38937,-8.31765,-0.59705,-0.06313,-0.26731
HD_10180_c,24.4731133,-60.5114881,90.0,13.1,0.06412,0.073,328.0,5.75969,155.5268867,-12.87563,5.86047,22.63933,-0.04588,0.02088,-0.0315
HD_10180_d,24.4731133,-60.5114881,90.0,11.75,0.12859,0.131,325.0,16.357,155.5268867,-10.43529,4.74973,16.37428,-0.08331,0.03792,-0.06409
HD_10180_e,24.4731133,-60.5114881,90.0,25.1,0.2699,0.051,147.0,49.748,155.5268867,6.30915,-2.87167,-10.67427,0.19551,-0.08899,0.1395
HD_10180_f,24.4731133,-60.5114881,90.0,23.9,0.4929,0.119,327.0,122.744,155.5268867,-4.99979,2.2757,8.459,-0.33147,0.15087,-0.23651
HD_10180_g,24.4731133,-60.5114881,90.0,21.4,1.427,0.263,327.0,604.67,155.5268867,-3.41319,1.55355,5.77467,-0.80278,0.36539,-0.5728
HD_10180_h,24.4731133,-60.5114881,90.0,64.4,3.381,0.095,142.0,2205.0,155.5268867,2.10619,-0.95865,-2.96191,2.19453,-0.99886,1.8838
HD_103891_b,179.4382907,-8.5486195,27.4,918.5241,3.27,0.31,181.49,1919.0,1.2204315559831147,0.21496,-4.24544,-2.2025,-2.25392,-0.10012,-0.027
HD_105618_c,182.4021288,11.2115695,31.968,8419.59233,35.731,0.126,255.004,77114.07158,355.4697392649435,1.12817,-0.3521,-0.16345,-10.07657,-24.8724,-15.97092
HD_106252_b,183.3730583,10.0404302,46.0,3178.28407,2.61,0.48,291.4,1531.0,355.3159356926532,6.22433,1.15864,1.72214,0.42188,-0.9153,-0.90898
HD_106270_b,183.4049258,-9.5135645,63.0,3623.24384,3.34,0.185,3.3,1888.0,356.17972887629935,-0.11292,1.89067,3.68763,2.71629,-0.11008,0.13962
HD_106315_b,183.4724742,-0.3934357,87.54,12.6,0.0907,0.093,239.0,9.55237,356.52433056930937,19.56446,-1.6955,-11.78478,-0.04248,-0.00045,-0.07045
HD_106315_c,183.4724742,-0.3934357,88.61,15.2,0.1536,0.22,96.0,21.05704,356.5265061868681,-19.90673,1.15737,-2.09519,-0.01233,0.00364,0.11912
HD_106515_A_b,183.7762699,-7.2575413,88.922,3025.09078,4.491,0.565,119.062,3586.86089,356.2230635532795,-4.90834,0.27252,-2.73125,-0.94479,0.09457,1.70732
HD_10697_b,26.2324076,20.0826974,86.116,1825.28854,2.051,0.104,112.816,1075.3799,153.71531974037126,4.08144,-1.87315,-1.88411,0.58812,-0.41844,1.69001
HD_108202_b,186.4613189,-1.1109233,56.0,953.48522,3.7,0.52,78.0,2990.0,352.22118267098205,-5.54192,1.43914,1.00192,0.49733,0.91251,1.4402
HD_108236_b,186.5740627,-51.3630519,87.59,3.24,0.04527,0.045,126.0,3.795963,353.4201684465098,-24.91417,2.10521,-18.14118,-0.02508,0.00437,0.03495
HD_108236_c,186.5740627,-51.3630519,88.3,4.94,0.062,0.034,211.0,6.203449,353.4230678750923,13.28153,-2.19958,-22.36815,-0.0511,0.00497,-0.03083
HD_108236_d,186.5740627,-51.3630519,89.06,6.98,0.1074,0.055,151.0,14.175685,353.4250602106326,-9.78977,0.83579,-17.71531,-0.08809,0.01097,0.0492
HD_108236_e,186.5740627,-51.3630519,89.245,9.71,0.1367,0.058,128.0,19.590025,353.4253714972841,-14.11545,1.47981,-11.08708,-0.07861,0.01041,0.10146
HD_108236_f,186.5740627,-51.3630519,88.963,4.72,0.1758,0.051,275.0,29.54115,353.4248698290684,15.60976,-1.7742,1.37424,0.0141,-0.00465,-0.16617
HD_108341_b,186.8791724,-71.4224896,65.0,715.11392,2.0,0.85,190.0,1129.0,352.4175661577969,1.82884,-6.79462,-13.92619,-0.29576,0.01716,-0.04721
HD_109988_b,189.8154662,-32.7263607,33.992,6935.33367,12.518,0.056,63.515,17132.15854,342.80517090810883,-1.4007,1.16044,0.46831,7.62683,6.81954,5.91325
HD_110082_b,192.5892855,-88.1211107,88.2,10.3,0.113,0.2,138.0,10.18271,347.40469763844186,-15.06572,2.81875,-17.00378,-0.06515,0.0165,0.06046
HD_110113_b,190.0365636,-44.3120777,87.69,4.55,0.035,0.093,359.53,2.541,349.95543996486674,0.55697,1.41044,36.83703,0.03126,-0.00555,-0.00026
HD_110537_b,190.7462412,-4.0501059,51.891,8612.832,16.714,0.401,104.177,24469.67342,346.43909395816553,-2.29861,0.18897,-0.45295,-0.97901,6.39856,7.63765
HD_11112_b,27.0881399,-41.4944106,144.876,2598.56506,13.38,0.285,289.063,17244.90764,138.36399545012765,-1.21796,1.9058,0.43272,-7.24883,-3.45137,-5.20233
HD_111232_b,192.2159553,-68.4246679,93.521,2531.50326,2.148,0.214,94.142,1169.13202,347.76163741720615,-5.18827,1.14956,-0.3841,-0.1411,-0.07522,1.68074
HD_111232_c,192.2159553,-68.4246679,87.902,5740.93452,17.25,0.558,34.27,26472.44623,347.77609683165065,-1.54488,0.42261,2.3456,6.19126,-1.18048,4.29043
HD_111998_b,193.2953521,-3.5531133,90.0,1525.57635,1.91,0.13,190.0,810.0,346.7046479,0.87562,-0.20691,-5.10263,-1.59259,0.37634,-0.28855
HD_112570_b,194.2824262,46.1765638,54.0,1086.97315,3.9,0.2,301.0,2615.0,342.5329811977326,3.54016,0.1227,1.62364,1.06099,-1.9818,-2.1636
HD_113337_c,195.4438496,63.610328,57.478,6299.67686,6.805,0.164,20.215,5429.93477,341.8586256627416,-0.4868,1.66836,2.2488,5.40225,-0.65791,1.65753
HD_114082_b,197.3171237,-60.3084347,90.0,2542.62726,0.5109,0.395,211.7,109.75,342.68287630000003,6.69614,-2.08781,-11.35676,-0.25106,0.07828,-0.16242
HD_114783_c,198.1818436,-2.2649921,159.0,603.87397,5.0,0.05,153.0,4352.0,317.4957905448567,0.67154,2.71773,-0.94327,-4.48038,1.37531,0.7728
HD_11505_b,28.2750265,-1.3284416,87.505,2510.52659,20.247,0.144,62.477,32669.22247,151.70229748545756,1.2451,-0.70723,0.74525,-7.36902,3.20753,15.35538
HD_11506_b,28.2106607,-19.507396,112.598,1551.00263,2.8,0.391,217.469,1613.74017,149.84146592560026,-3.85442,0.23791,-4.15824,0.96993,-1.02459,-0.95769
HD_11506_d,28.2106607,-19.507396,82.004,2346.52713,12.235,0.061,277.904,14723.57452,151.55553200204093,-1.68037,0.86872,0.26002,-0.63516,2.14434,-11.26889
HD_115404_A_c,199.2155793,17.0160384,25.791,3279.67133,11.364,0.211,312.056,15319.22517,321.302470420987,2.20883,0.01502,0.67299,0.93987,-8.43323,-2.89653
HD_115954_b,199.9853694,38.3691383,79.0,2685.65004,5.0,0.487,185.6,3700.0,339.67093724700317,0.12214,-1.01407,-4.6737,-2.41035,0.84207,-0.2457
HD_117207_b,202.3368806,-35.5713041,76.6,669.34663,3.787,0.157,90.217,2621.75,337.1017278845006,-3.48574,1.46871,-0.01394,0.27673,0.68624,3.10551
HD_118203_b,203.509956,53.7281876,88.9,693.50158,0.0701,0.301,157.4,6.134989,336.48618099855594,-11.63769,4.43778,-29.88419,-0.04134,0.01838,0.01883
HD_118203_c,203.509956,53.7281876,95.0,3527.89532,6.2,0.257,175.4,5070.0,336.41003450958254,-0.12712,0.36665,-3.25912,-4.22093,1.80806,0.36804
HD_120084_b,205.661989,78.0646376,38.0,2034.1018,4.21,0.483,103.9,2142.0,322.0321897669378,-4.573,2.32332,-0.76706,0.61209,1.63424,1.30079
HD_12235_c,30.0391601,3.0959098,47.738,3135.69506,22.21,0.174,79.772,36336.70679,141.99758792265015,1.1157,-1.11264,0.20887,-10.04244,-7.56181,13.3613
HD_124330_b,212.8207093,54.4089731,0.808,238.37131,0.86,0.34,18.28,270.66,271.2525348162852,9.0976,3.22775,0.12927,0.18975,-0.53494,0.00251
HD_125271_b,216.6474037,-81.4542756,93.088,3465.60095,10.817,0.165,164.716,14901.99295,323.31271713019305,-0.40695,0.44942,-2.17358,-7.06344,5.10255,2.37746
HD_125390_b,214.5387463,38.9669132,84.685,8646.20398,3.496,0.597,342.126,1757.39151,325.34586653233475,2.02428,-0.68235,6.33926,1.08024,-0.79541,-0.43056
HD_125612_d,215.2227183,-17.4818147,88.195,2281.37231,3.982,0.115,315.896,2822.72698,324.7638824784939,2.05515,-1.35382,2.53659,2.02234,-1.5231,-2.45141
HD_126614_b,216.7005171,-5.1784093,97.477,107.74383,2.249,0.548,304.917,1257.25303,323.06476420841267,4.73484,-4.28209,4.40032,0.53027,-0.26295,-0.82646
HD_128311_b,219.0032292,9.7454368,30.0,562.24127,1.084,0.303,57.864,453.019,301.690245716997,-0.43616,7.94212,2.19455,0.68259,-0.05091,0.31989
HD_128311_c,219.0032292,9.7454368,55.95,1204.25787,1.74,0.159,15.445,921.538,315.6529285463661,1.04456,3.19905,4.46574,1.1612,-0.8299,0.32289
HD_129445_b,221.5104196,-68.7629901,52.0,797.7493,2.9,0.7,163.0,1840.0,311.68052031535217,-5.56971,-1.52078,-6.61871,-0.43629,0.72552,0.20044
HD_132406_b,224.2276121,53.3809615,64.0,1970.53612,1.98,0.34,214.0,974.0,312.7181293360848,0.71478,-4.18261,-4.74091,-0.97032,0.57865,-0.6568
HD_135625_b,229.4511514,-45.9225871,93.0,731.00534,5.4,0.16,89.0,4055.0,310.5100381410393,-2.06587,2.4135,0.05538,-0.12904,-0.21437,4.52909
HD_135872_b,229.4213643,-5.2024735,93.872,1744.56013,4.172,0.164,174.268,2422.32597,310.5139587802071,-0.0501,0.43405,-3.60339,-2.27234,2.62305,0.34755
HD_136118_b,229.7306046,-1.5922913,116.779,4164.18779,2.327,0.344,313.267,1187.59765,307.09979591800675,1.13747,-4.52224,3.60747,1.03056,-0.5324,-0.99234
HD_136352_b,230.4401147,-48.3188174,88.49,4.72,0.0964,0.0,-185.64,11.57797,309.550114517046,-1.67558,1.1956,-20.13182,-0.06089,0.07413,0.00947
HD_136352_c,230.4401147,-48.3188174,88.571,11.24,0.1721,0.0,-110.22,27.59221,309.5511347335522,8.94927,-11.04162,-5.23312,-0.04098,0.0433,-0.16144
HD_136352_d,230.4401147,-48.3188174,89.73,8.82,0.425,0.0,170.89,107.245,309.5595729308642,-1.00644,1.14792,-9.51629,-0.26702,0.32373,0.06729
HD_13931_b,34.1979991,43.7722065,43.0,889.91954,5.15,0.02,-6.0,4218.0,135.10310401597832,-1.65928,-1.24696,1.91585,-3.28327,3.81614,-0.35979
HD_139357_b,233.8173564,53.9221505,103.235,6315.56828,2.949,0.099,235.995,1124.79139,305.4507550497534,2.36442,-2.42875,-2.19991,-0.45108,1.503,-2.14416
HD_1397_b,4.4471631,-66.3589285,88.99,131.89945,0.1097,0.251,2.1,11.53533,175.55214862705472,0.86219,-0.50024,24.49656,-0.08187,0.00631,0.00301
HD_14067_b,34.293348,23.7676546,39.0,4862.77463,5.15,0.65,105.9,2744.0,132.7001815963497,4.86142,-3.38094,-1.03643,-0.6552,-1.27654,1.09095
HD_140901_c,236.8689866,-37.9172333,40.0,572.09113,11.8,0.77,299.0,14386.0,292.7592154190344,3.45459,-3.36337,1.58125,-1.16777,-1.91678,-1.5258
HD_142_c,1.5836771,-49.0753625,90.374,3464.64746,9.811,0.277,279.051,10159.64279,178.41628917739905,-2.63166,0.0755,0.41938,-1.11672,-0.01487,-7.00488
HD_142022_A_b,242.5481731,-84.2317494,71.0,1433.40612,2.93,0.53,168.5,1928.0,296.16007949029097,-2.47859,0.25359,-6.13629,-0.51472,1.25063,0.25959
HD_143361_b,240.4588405,-44.4350575,50.0,1382.55357,1.988,0.197,241.889,1039.15,293.4672962953773,0.39952,-5.05824,-1.96383,-1.12975,0.32954,-1.07863
HD_145675_c,242.6021014,43.8163621,129.097,1597.08775,11.924,0.393,5.229,15732.45889,291.91222323698025,-1.69977,-0.41295,2.13032,2.30389,-6.84228,0.51193
HD_145934_b,243.2912249,13.2394527,81.958,658.54046,4.89,0.078,186.316,2751.53433,296.4820971104583,-0.23167,-0.49303,-3.02366,-2.06036,3.98008,-0.49112
HD_149026_b,247.6229827,38.3475349,84.55,120.7754,0.04364,0.0,109.0,2.87589,292.2857784599555,-11.64522,25.96161,-9.74791,-0.00176,0.01463,0.04108
HD_149806_b,249.2855187,0.2546794,13.574,4003.68444,12.404,0.357,53.02,16521.52778,275.07193547369843,1.32648,2.19623,0.3659,6.59334,-4.23139,1.49538
HD_150706_b,247.8255687,79.7894032,70.0,772.32303,6.7,0.38,132.0,5894.0,290.95645817535217,-1.73654,2.21684,-2.2771,-0.00815,2.97333,2.90085
HD_151450_c,252.0080127,-15.964345,42.369,1636.18064,14.131,0.138,31.179,18144.76236,282.3451066050227,0.9733,1.23081,1.10728,6.77953,-9.18434,4.24978
HD_15337_b,36.8678846,-27.6361171,88.5,7.51,0.0522,0.09,62.0,4.75615,143.12268928621944,21.03591,-16.24359,14.1253,-0.0185,0.0125,0.04193
HD_15337_c,36.8678846,-27.6361171,88.5,8.11,0.1268,0.05,329.0,17.1784,143.12268928621944,-7.89237,5.40053,15.89534,-0.08162,0.06326,-0.06202
HD_153557_d,254.4706516,47.3678558,14.324,8725.66109,21.449,0.152,6.861,40654.64809,273.9327789026643,1.5046,0.29278,0.38841,3.3389,-17.87158,0.53757
HD_154345_b,255.6524619,47.0855544,69.0,378.2158,4.21,0.04,319.6,3341.55884,283.43025842746215,1.32585,-1.80722,2.26602,-0.19819,-3.21169,-2.44546
HD_154391_b,255.3201345,60.6489226,47.0,2892.2385,7.46,0.2,310.0,5163.0,280.8459991482357,1.61918,-1.88733,1.3245,-2.34038,-4.35433,-3.34357
HD_155193_b,257.4208876,10.0381003,0.711,238.37131,1.04,0.21,62.88,352.65,270.15865072315,3.45685,6.7963,0.04313,0.73225,-0.3725,0.00907
HD_155918_c,260.5364025,-75.349239,31.771,1878.04806,13.183,0.071,182.687,17202.19446,275.01578645514223,-1.56425,-0.22473,-0.97724,-1.55582,12.14402,-0.3023
HD_156098_c,259.264687,-32.6630768,23.462,1661.60691,8.415,0.391,219.678,7841.5839,274.316708677276,-2.14724,-2.25804,-1.00308,-3.28985,3.70712,-1.30272
HD_156279_c,258.0966686,63.3527828,74.699,3098.82697,5.486,0.261,98.377,4818.25358,281.4928162456922,-0.82276,3.37045,-0.49241,0.91953,0.78968,3.86872
HD_15906_b,38.2712534,-10.352178,87.98,5.65,0.09,0.11,160.5,10.924709,141.7114265064613,6.60977,-4.2278,-22.03442,0.05868,-0.04752,0.02672
HD_15906_c,38.2712534,-10.352178,88.75,8.91,0.141,0.04,247.9,21.583298,141.72211539243304,-12.57888,10.10841,-6.55081,0.04167,-0.0294,-0.12539
HD_160691_b,266.0361585,-51.8348751,60.0,1366.66215,1.5,0.128,39.0,645.0,273.4341562632094,2.04324,3.80122,3.92703,0.47173,-0.99003,0.71287
HD_160691_c,266.0361585,-51.8348751,60.0,1398.44499,4.17,0.0985,84.0,3947.0,273.4341562632094,-0.02514,3.38244,0.30746,1.88951,-0.28027,3.23778
HD_160691_e,266.0361585,-51.8348751,60.0,2224.79885,0.934,0.0666,193.0,307.9,273.4341562632094,-3.28612,-1.76338,-5.86446,-0.14876,0.84205,-0.16984
HD_16175_b,39.2577379,42.0624526,59.0,1875.1876,2.12,0.6,221.5,990.0,136.36531244997445,-1.84169,6.35583,-5.54069,0.65937,-0.22881,-0.48164
HD_165131_b,271.3444007,-21.6737039,70.0,5943.39121,3.54,0.6708,3.61,2342.6,268.7366494635719,2.57785,0.41697,7.0556,-0.00055,-1.16333,0.06895
HD_166724_b,273.4988604,-42.5757218,68.0,1207.74795,5.42,0.734,202.3,5144.0,266.7553474848144,-2.53241,-2.47536,-5.91112,-0.12911,1.34335,-0.50723
HD_167677_b,274.2067844,-11.4067857,28.7,905.81096,2.877,0.182,302.0,1820.0,267.9770063346763,1.93518,-3.84698,1.13317,-1.79353,-1.18453,-0.95842
HD_168443_c,275.0159879,-9.5966905,91.218,5500.33841,2.842,0.21,65.597,1753.1096,264.9851396580285,0.32683,4.18799,1.90528,-0.12438,-0.92025,2.04414
HD_168863_b,275.6642157,-18.0219726,129.839,2154.8766,10.961,0.187,134.572,14773.93272,265.6449277989321,1.15208,1.55057,-1.23574,-3.58017,6.54476,4.8744
HD_16905_b,40.0136203,-61.3550396,43.0,3591.461,8.8,0.68,248.0,10256.0,129.08977660251688,-1.80525,4.33085,-1.23987,2.14725,0.38526,-1.78066
HD_169830_c,276.9561859,-29.8167919,24.469,2437.42605,3.075,0.246,313.483,1818.82339,267.1069625356426,2.71258,-3.48341,1.31286,-1.60977,-1.51617,-0.69681
HD_171238_b,278.6818389,-28.0727849,19.1,2796.88998,2.57,0.234,97.0,1532.0,267.13958183289276,-0.32576,4.95994,-0.19838,1.85605,0.14748,0.63937
HD_17156_b,42.4366123,71.7530882,87.82,1115.5833,0.16278,0.68,121.32,21.21663,137.542728748736,22.96608,-20.05671,-18.53512,0.01883,-0.01953,0.04447
HD_175167_b,285.0033888,-69.9450664,94.637,2037.59792,2.307,0.528,349.639,1276.07604,255.04351506817915,-0.91732,-1.14051,7.29765,-0.26115,-1.03895,-0.1952
HD_18015_b,43.3636339,-8.8480392,69.0,1048.83374,3.87,0.148,265.0,2278.0,134.66834719944518,-2.51407,2.70807,-0.30166,1.03918,0.62315,-3.06653
HD_181234_b,289.9998695,-9.32497,98.732,2980.91263,7.427,0.726,95.367,7593.40512,250.2138560458412,2.02753,5.39322,-0.53497,-0.22499,0.28323,2.00259
HD_18143_c,43.9140248,26.8723829,35.98,3177.64841,17.53,0.194,313.318,28982.41764,121.39182299273266,-1.5578,0.60619,0.73619,2.05188,12.6075,-6.0394
HD_183263_c,292.1022982,8.3579183,73.718,2958.98247,5.585,0.051,297.163,4667.97841,248.70331036295028,-0.57046,-2.44942,1.22609,-2.11062,-1.77424,-4.52649
HD_183579_b,293.2866147,-54.5327284,89.11,20.4,0.1322,0.061,270.0,17.471291,246.71589536587692,-7.26115,-16.87309,-0.0,-0.00177,0.00076,-0.12412
HD_185283_b,295.3233609,-56.3221096,91.0,413.17693,4.6,0.07,281.0,4060.0,244.6800130519304,-1.32866,-2.78379,0.59949,-0.28285,-0.76921,-4.19876
HD_18599_b,44.2620144,-56.1918694,87.6,24.1,0.048,0.34,-2.5,4.1374354,135.7128535659808,-2.46969,0.02081,40.78918,-0.02262,0.02214,-0.00138
HD_188641_b,299.4048303,-37.7448845,49.245,9333.03117,12.027,0.034,250.078,14583.81038,246.88149298318956,-1.0754,-1.45704,-0.48382,-5.00373,6.4406,-8.27413
HD_189733_b,300.1821223,22.7097759,85.71,359.1479,0.03126,0.0,20.0,2.21857567,239.88769281967896,8.25879,9.26091,33.30065,-0.01405,-0.02581,0.01066
HD_190228_b,300.7537294,28.3065564,94.987,1598.67689,2.406,0.559,97.211,1143.59858,239.34167772408642,3.92438,6.4574,-0.95239,-0.0108,0.16123,1.04867
HD_190360_b,300.9092476,29.894541,80.2,572.09113,3.9,0.34,19.9,2854.0,239.46064912006506,1.409,0.96036,4.20054,-1.10139,-2.16033,0.86335
HD_190984_b,302.8779827,-64.6202728,64.0,1137.8257,5.5,0.57,318.0,4885.0,239.8448629258354,-0.27873,-3.79971,3.41938,-1.48272,-1.1712,-1.42234
HD_191806_b,302.368758,52.2767265,66.519,2966.61035,2.749,0.213,346.184,1603.38923,239.8277108897414,1.00904,-1.88621,4.1903,-1.23387,-1.71278,-0.47386
HD_191939_b,302.0256247,66.8503014,88.1,10.0,0.0804,0.031,5.0,8.8803256,237.9885398036194,1.69615,1.28901,22.75751,-0.04095,-0.06593,0.00679
HD_191939_c,302.0256247,66.8503014,89.1,8.0,0.1752,0.034,-90.0,28.579743,237.97755332983832,-8.23505,-13.16736,0.0,-0.00225,0.00141,-0.16922
HD_191939_d,302.0256247,66.8503014,89.49,2.8,0.2132,0.031,15.0,38.353037,237.97539579090292,2.02877,3.01603,13.55752,-0.10542,-0.16944,0.05347
HD_191939_e,302.0256247,66.8503014,88.7,112.2,0.407,0.031,-130.0,101.12,237.9810061060083,-4.25175,-6.51979,-6.52839,0.1286,0.21857,-0.30204
HD_192310_b,303.8284712,-27.0337556,90.0,16.9,0.32,0.13,173.0,74.72,236.17152879999998,0.85883,1.28153,-12.56421,0.15383,0.22955,0.03393
HD_192310_c,303.8284712,-27.0337556,90.0,24.0,1.18,0.32,110.0,525.8,236.17152879999998,4.21585,6.2908,-2.75628,0.15278,0.22798,0.75401
HD_194490_b,306.9980087,-51.6644646,57.99,3561.90296,11.116,0.251,261.106,13092.18348,237.424100555352,-1.46376,-1.92023,-0.3193,-2.98119,3.43234,-6.97509
HD_196050_b,309.4637796,-60.6347649,42.0,1493.79351,2.65,0.2,178.0,1392.0,241.1505703659045,-2.99551,1.83852,-3.16118,1.07046,1.82923,0.04951
HD_196067_b,310.4364195,-75.3514992,41.2,3972.85509,5.02,0.66,148.2,3638.0,240.69402262916873,-1.85708,4.78687,-3.46887,1.30015,0.93371,0.59243
HD_202206_c,318.7405221,-20.7897284,7.7,5689.157,2.41,0.22,280.0,1260.0,261.31626504756946,0.10844,-5.05926,0.11777,-1.8628,-0.0457,-0.24804
HD_202696_b,319.2250346,27.2582799,90.0,634.38868,1.566,0.011,201.6,517.8,220.77496539999996,-1.41518,-1.22048,-4.71998,1.09049,0.94046,-0.57014
HD_202696_c,319.2250346,27.2582799,90.0,592.43512,2.342,0.028,136.8,946.6,220.77496539999996,2.18882,1.88767,-3.07793,1.25666,1.08376,1.55832
HD_202772_A_b,319.6995877,-26.6163743,84.51,323.23311,0.05208,0.038,98.0,3.308958,220.4304050705445,21.31081,18.6567,-3.962,0.00839,0.00091,0.04939
HD_203387_c,320.561782,-16.8345229,158.462,2378.94563,5.067,0.202,86.348,2481.07227,245.9473735250137,1.20807,3.20467,0.08011,-3.53255,1.29464,1.48142
HD_204313_b,322.0510568,-21.7274194,72.917,1466.7781,3.185,0.1,286.99,2041.11539,219.20916691618046,-2.67305,-2.61198,1.08715,-1.15809,0.09449,-2.62044
HD_204313_e,322.0510568,-21.7274194,176.092,4868.17771,7.457,0.253,244.536,7325.64666,265.00536484492335,1.03915,-2.79156,-0.08732,5.20701,1.94902,-0.34277
HD_206893_b,326.3416874,-12.7833522,146.8,8899.1954,9.6,0.14,183.0,9350.0,230.5684469830139,1.4293,-1.33356,-1.27669,5.51592,6.13842,-0.23659
HD_206893_c,326.3416874,-12.7833522,150.9,4036.42077,3.53,0.41,46.0,2090.0,233.85636224130133,-0.34059,4.85393,1.74656,-1.91044,-0.39622,0.72861
HD_207496_b,328.7181708,-77.3388025,88.79,6.1,0.0629,0.231,57.0,6.441008,211.28749971469762,22.90682,13.49413,17.25966,-0.02207,-0.01441,0.04056
HD_207897_b,325.2016451,84.3337613,88.757,14.8,0.117,0.0,90.0,16.20166,214.80467425149223,15.08288,10.4847,0.0,0.00145,-0.00208,0.11697
HD_20794_b,49.9997666,-43.0666533,90.0,2.7,0.1207,0.0,0.0,18.315,130.0002334,-0.0,-0.0,18.08532,-0.07758,0.09246,0.0
HD_20794_c,49.9997666,-43.0666533,90.0,2.4,0.2036,0.0,0.0,40.114,130.0002334,-0.0,-0.0,13.92486,-0.13087,0.15597,0.0
HD_20794_d,49.9997666,-43.0666533,90.0,4.8,0.3499,0.0,0.0,90.309,130.0002334,-0.0,-0.0,10.62204,-0.22491,0.26804,0.0
HD_209458_b,330.7950219,18.8842419,86.71,232.0159,0.04707,0.0,0.0,3.52474859,209.2452481601613,0.81199,-1.45019,28.91288,-0.04107,-0.023,0.0
HD_213240_b,337.7506266,-49.4341037,63.0,1655.886,1.89,0.42,201.9,882.70001,204.6618171135286,-3.68093,1.62456,-5.91196,0.84687,0.59309,-0.36431
HD_214823_b,340.0832062,31.7875183,99.51,5914.78665,3.08,0.161,123.569,1854.84424,200.17209116243714,3.42656,0.84894,-2.29672,1.21855,0.82665,2.12355
HD_215497_c,341.652714,-56.5997984,90.0,111.23994,1.31,0.47,42.0,566.0,198.347286,5.80655,1.92565,6.7942,-0.48974,-0.16241,0.46458
HD_216437_b,343.6639631,-70.0733957,148.0,1334.87931,2.57,0.31,65.0,1359.0,208.94739448227804,3.34613,4.06261,1.20943,-1.31547,0.82994,0.85166
HD_217786_b,345.7838088,-0.4303594,69.767,4402.55909,2.446,0.311,100.167,1301.36009,195.10958814856696,5.17793,1.74846,-0.91785,0.43674,-0.47631,1.55647
HD_217958_b,346.136577,-25.6917758,91.357,166.54209,3.758,0.156,252.258,2560.19774,193.8671620766279,-3.50096,-0.89247,-1.15559,0.95551,0.16219,-3.02005
HD_219077_b,348.5319387,-62.7018297,90.178,3057.50928,5.935,0.768,57.341,5478.68861,191.46811517591055,5.87208,1.20346,3.84209,-0.72892,-0.1442,1.15922
HD_219134_b,348.3372026,57.1696255,85.05,4.74,0.03876,0.0,0.0,3.092926,191.70525549930997,0.55868,-2.69652,31.79547,-0.03795,-0.00786,0.0
HD_219134_c,348.3372026,57.1696255,87.28,4.36,0.0653,0.062,70.0,6.76458,191.6755909128292,24.16223,4.55941,8.93812,-0.01996,-0.00691,0.05749
HD_219828_c,349.6947029,18.6457524,122.816,5102.41725,5.657,0.811,145.683,4789.87297,192.2079514640866,5.27993,-2.60262,-5.67614,0.79402,0.50601,0.50658
HD_220689_b,351.4707282,-20.6167923,71.0,381.39409,3.396,0.054,112.834,2266.4,189.0128812036125,3.20469,0.96868,-1.32051,1.38231,-0.75675,2.79954
HD_221416_b,353.0331863,-21.8012007,85.75,60.5,0.1228,0.115,-106.0,14.2767,186.98583440957123,-19.25224,-1.94487,-5.53208,0.02879,0.01133,-0.10418
HD_221420_b,353.3319001,-77.3853286,14.0,6992.22495,10.1,0.12,217.0,10066.0,205.79212463965914,-1.96061,0.97215,-0.43093,4.13291,7.76152,-1.29402
HD_222155_b,354.5025617,48.9960191,68.0,581.62598,5.14,0.16,163.0,3999.0,185.9262162517084,0.82664,1.25878,-2.88769,4.1557,-0.04405,1.17043
HD_224538_b,359.7164302,-61.5868613,91.125,2075.73733,2.375,0.476,26.829,1202.05199,180.28362447042335,3.08767,0.13517,6.10493,-1.11058,0.00553,0.56157
HD_23472_b,55.4590314,-62.7672667,88.93,8.32,0.1162,0.072,114.0,17.667087,124.5363021534992,10.38422,-14.82323,-8.05634,0.02335,-0.03717,0.09849
HD_23472_c,55.4590314,-62.7672667,89.095,3.41,0.1646,0.063,2.0,29.79749,124.53763039842644,0.11189,-0.62184,16.48325,-0.08746,0.12692,0.00538
HD_23472_d,55.4590314,-62.7672667,87.95,0.55,0.04298,0.07,19.0,3.97664,124.52383858445837,5.09243,-9.34299,30.71773,-0.0218,0.03087,0.01301
HD_23472_e,55.4590314,-62.7672667,88.63,0.72,0.068,0.07,46.0,7.90754,124.5333184955545,10.18553,-15.55879,17.94828,-0.0258,0.03557,0.04548
HD_23472_f,55.4590314,-62.7672667,88.81,0.77,0.0906,0.07,4.0,12.1621839,124.53519674469372,0.50333,-1.54963,22.33126,-0.04775,0.06917,0.00588
HD_235088_b,300.6154535,53.3774418,88.75,4.2,0.071,0.0,90.0,7.434151,239.39052279204677,12.00674,20.29463,0.0,0.00133,-0.00079,0.07098
HD_23596_b,57.0018601,40.5307308,38.898,3786.60764,2.694,0.282,264.57,1535.11912,112.18353990891428,-1.57387,4.85756,-0.30395,1.45682,0.39636,-1.20916
HD_25015_b,59.4335463,-20.2673347,32.046,2884.92845,6.248,0.341,87.981,6134.427,107.39977874072218,0.96943,-3.45158,0.06703,-3.37164,-0.90458,2.18335
HD_25912_c,60.9074988,-51.9315058,88.333,5252.75008,17.848,0.051,51.879,26308.65619,119.0821974578867,0.57393,-1.08973,0.96579,-5.42109,8.9494,13.31944
HD_260655_b,99.2915429,17.5662696,87.35,2.14,0.02933,0.039,57.0,2.76953,80.71822042940025,-6.10826,-31.41964,20.75458,0.0014,0.01533,0.02361
HD_260655_c,99.2915429,17.5662696,87.79,3.09,0.04749,0.038,-25.0,5.70588,80.71524773883422,1.00913,12.66027,27.1233,0.00742,0.04074,-0.01929
HD_26161_b,62.4122255,31.6524346,59.558,9045.39646,10.087,0.922,8.508,10942.29013,114.2507544444967,-3.88991,-3.34586,8.37339,-0.37337,0.68524,0.10036
HD_2685_b,7.3289156,-76.304032,89.252,371.8611,0.0568,0.091,184.36,4.12688,172.67046659665195,-2.12983,0.65301,-28.79655,0.05107,-0.00652,-0.00392
HD_27631_b,64.9392168,-41.9606604,74.0,495.81231,3.242,0.141,122.642,2198.14,114.20324125651916,1.93379,-2.84375,-2.08527,0.02628,-1.63509,2.25418
HD_27894_d,65.1975693,-59.4096776,101.524,2063.65985,5.362,0.343,334.378,5019.54244,114.36104609306723,-0.05539,1.81649,3.42747,-1.58747,2.76807,-1.49268
HD_28185_c,66.6100461,-10.5510754,57.65,6241.83209,13.176,0.12,107.785,17417.92079,110.07228729537964,0.93796,-1.63698,-0.5039,-4.33346,-5.35408,9.32718
HD_28254_b,66.2108141,-50.6228081,162.0,1207.74795,2.45,0.95,289.0,1333.0,97.75725901962889,4.49172,24.53356,2.52205,-0.11453,0.02465,-0.03579
HD_29021_b,69.4681379,60.6762985,33.7,1420.69298,2.28,0.459,179.5,1362.3,101.7389763472088,5.57815,1.09823,-3.79137,0.24218,-1.20946,0.00597
HD_29985_b,70.5216589,-33.9210696,52.658,1739.47487,13.39,0.261,89.414,20608.14049,105.70579056514832,0.59374,-2.16289,0.01824,-5.80515,-1.52726,7.86657
HD_30177_b,70.4770964,-58.0208085,85.393,2670.7121,3.604,0.207,25.044,2514.53422,109.46457566407535,0.29582,-1.72872,3.68739,-0.95443,2.40891,1.20591
HD_30177_c,70.4770964,-58.0208085,98.016,1954.6447,10.258,0.039,138.62,12085.45186,109.3463822272615,0.24532,-1.343,-1.51562,3.30783,-6.6781,6.45292
HD_30562_b,72.1529519,-5.6751152,65.0,467.20776,2.34,0.76,78.4,1157.0,106.26749512822254,2.14478,-10.72439,2.02704,-0.25482,0.04328,0.49859
HD_3167_c,8.7401487,4.3807215,89.3,11.13,0.1776,0.06,178.0,29.8454,171.2592090448688,0.5755,0.10709,-15.8216,0.16489,-0.02542,0.00583
HD_32963_b,76.9820146,26.3276805,19.3,657.9048,3.41,0.07,107.0,2372.0,94.36973904627999,1.27009,-3.40331,-0.35268,-2.78333,-1.14259,1.00236
HD_331093_b,295.6200054,31.7395451,0.37,476.74261,1.44,0.59,165.77,621.62,269.8225686315424,-9.98662,2.56556,-0.06454,0.1469,0.57183,0.00094
HD_332231_b,306.741134,33.7443882,89.68,74.1,0.145,0.0,2.0,18.712024,233.25929436675315,0.41828,0.40637,16.49014,-0.08666,-0.11614,0.00506
HD_38529_c,86.6451363,1.1675866,104.559,3299.05886,3.226,0.357,21.038,2127.60566,93.24737104241467,1.29377,-1.75389,4.59091,0.07722,1.94354,0.72074
HD_39091_b,84.2992798,-80.4646041,54.436,3917.23512,3.311,0.642,331.015,2088.75851,94.64252065618525,-4.04007,3.26725,5.2622,0.24905,1.06051,-0.46725
HD_42813_b,93.0578446,-14.6493167,89.3,5.9,0.11,0.0,90.0,13.630828,86.9423831749396,-1.0105,-18.91755,0.0,-0.00134,7e-05,0.10999
HD_43197_c,93.3993231,-29.8971929,11.42,2500.67391,8.54,0.149,18.561,9295.9735,89.32617593036869,-2.33066,-0.76789,0.46893,-2.18638,6.91571,0.45804
HD_44219_b,95.0599971,-10.7250799,90.0,184.34048,1.26,0.41,145.0,472.0,84.94000290000001,-0.43776,-4.94395,-7.08831,-0.05371,-0.60658,0.4264
HD_457_b,2.2492922,-39.7372401,62.585,8445.33643,15.369,0.565,240.318,20324.58153,177.46649263179592,-2.60787,0.80918,-1.33629,3.42555,2.52537,-5.15599
HD_50554_b,103.678273,24.2451409,61.0,1859.29618,2.353,0.501,3.5,1293.0,77.98347848637096,-3.45268,0.29152,6.2018,0.21,1.15351,0.06269
HD_5278_b,12.5467785,-83.7437671,89.27,7.8,0.1202,0.08,135.0,14.339156,167.45223531904688,13.59131,-2.84379,-13.88338,0.07611,-0.01796,0.07819
HD_55696_b,108.0622029,-38.174639,57.0,1357.1273,3.18,0.705,137.0,1827.0,74.70327724611585,1.73046,-6.46245,-5.19561,-0.51711,-0.56985,0.53657
HD_56957_b,109.3253986,-40.6560651,170.006,1880.90851,6.426,0.273,38.255,5859.08992,86.51721804073046,2.40843,-2.18111,0.44698,3.06625,3.48869,0.50199
HD_62364_b,113.9052658,-75.5442707,137.3,5965.6392,6.15,0.607,1.2,5138.0,73.26955993402484,3.57416,-1.18641,3.47369,0.73124,2.30342,0.03433
HD_62364_c,113.9052658,-75.5442707,38.789,7923.46219,36.984,0.773,82.007,74839.94555,74.48134735052642,-1.06659,-2.67142,0.25153,-5.93168,2.85864,5.20822
HD_62549_b,116.0821439,-5.0541223,162.313,2707.5802,11.842,0.15,133.809,14306.88519,81.54091799962873,-1.61091,-1.3099,-0.44667,5.82026,-7.91028,2.2069
HD_63433_b,117.4793699,27.3631342,89.38,37.3,0.072,0.0,90.0,7.1079384,62.52200334268712,-10.80435,-20.77444,0.0,-0.00069,0.00036,0.072
HD_63433_c,117.4793699,27.3631342,89.147,17.2,0.146,0.0,90.0,20.543847,62.52322943962904,-7.58701,-14.58895,0.0,-0.00193,0.001,0.14598
HD_63935_b,117.9246417,9.3852412,88.49,10.5,0.083,0.0,90.0,9.058807,62.0835917274981,-10.21072,-19.27135,0.0,-0.00193,0.00102,0.08297
HD_63935_c,117.9246417,9.3852412,88.241,11.1,0.148,0.0,90.0,21.4027,62.086531080876256,-7.64579,-14.43218,0.0,-0.00401,0.00213,0.14793
HD_66428_b,120.8691654,-1.1636019,16.639,3478.94974,3.395,0.471,185.689,2269.81726,80.2872543211908,5.43886,-0.35904,-1.62023,-0.13337,-1.79027,-0.05098
HD_66428_c,120.8691654,-1.1636019,93.938,560.64931,9.408,0.207,201.295,10478.84437,59.190447767034065,0.3312,0.87112,-2.34914,-3.7201,-5.87487,-2.70305
HD_68402_b,121.3474609,-74.4100732,20.3,2510.84442,2.18,0.03,17.19,1103.0,78.0670360999685,-4.11213,-0.45559,1.45341,-0.15577,2.09768,0.21682
HD_69123_b,123.55499,-35.4899246,70.0,982.08978,2.482,0.19,-67.3,1193.3,58.06608346176295,1.81738,4.12215,1.75298,0.94871,0.32289,-1.74284
HD_70642_b,125.3661079,-39.7044432,29.9,1239.53079,3.318,0.175,272.84,2124.54,70.51554885567565,1.2047,3.93502,0.10167,2.27959,-0.66268,-1.36286
HD_72659_b,128.5128072,-1.5686323,77.583,949.67128,4.691,0.257,259.451,3549.39854,52.146149419583836,2.39363,2.83781,-0.67464,0.19018,-0.95595,-3.34635
HD_72659_c,128.5128072,-1.5686323,14.279,5977.08102,13.959,0.091,256.504,18207.72098,78.89518938117473,0.75394,1.67772,-0.10605,11.16294,-5.20882,-3.04318
HD_73256_c,129.0949961,-30.0373339,29.0,5085.25451,3.8,0.16,300.0,2690.0,68.49933953190288,-0.33889,3.65909,0.91816,2.83447,0.5988,-1.34018
HD_73267_b,129.0735123,-34.4594469,130.843,1321.53052,2.229,0.261,228.102,1257.99159,58.44117127859475,0.09576,4.74334,-2.7773,-1.25899,-0.51767,-0.92754
HD_73267_c,129.0735123,-34.4594469,91.849,1630.77756,12.688,0.089,112.746,17071.78045,50.94108871762528,-1.13941,-1.36591,-0.74529,-2.54903,-3.68702,10.65427
HD_73344_b,129.6894456,23.6852651,88.082,10.48,0.131,0.03,153.891,15.611,50.326332991743165,-4.61207,-6.40258,-16.05424,-0.07429,-0.08663,0.05589
HD_73583_b,129.6883026,-13.2565267,88.37,10.2,0.0604,0.09,-76.0,6.398042,50.323092724384374,17.18546,21.01855,6.76633,0.00966,0.00927,-0.05331
HD_73583_c,129.6883026,-13.2565267,89.72,9.7,0.1242,0.08,-41.6,18.87974,50.31203362222637,8.13579,9.91434,14.44496,0.05485,0.06552,-0.07586
HD_74156_c,130.6047813,4.5772338,120.162,2753.98315,3.678,0.377,271.934,2448.48726,53.45474771418689,2.96503,3.8617,0.14212,-0.87837,0.74729,-1.98003
HD_7449_b,18.621465,-5.0479716,171.631,2597.9294,2.438,0.752,336.427,1270.55195,113.36198033838306,7.20741,7.77257,1.42681,-0.43936,0.41388,-0.03519
HD_75302_b,132.3015641,3.4850141,29.0,1716.2734,5.3,0.39,307.0,4356.0,66.19451044948394,-0.65597,3.88564,1.20204,2.85146,0.86863,-1.25177
HD_77946_b,136.777644,46.6724251,87.79,10.9,0.073,0.211,9.2,6.527363,43.24363165718815,-4.10678,-2.35687,28.41882,0.04117,0.03921,0.0092
HD_80606_b,140.6569501,50.6037764,89.29,1392.0954,0.4565,0.93,301.03,111.4367,39.34520677895856,32.16077,26.76901,25.16943,0.01295,0.01018,-0.02738
HD_80869_b,140.7912931,33.9048294,98.559,1609.80088,2.905,0.924,76.703,1752.92067,39.523358411617835,-13.51984,-11.97725,4.21856,0.05952,0.00765,0.21247
HD_80883_b,139.9331831,-59.4780815,141.312,1748.05624,6.462,0.203,231.408,6383.78352,53.381060142111885,0.22907,2.78695,-1.18402,-4.43818,-0.70422,-2.51622
HD_80913_b,138.1021548,-81.768451,22.331,7505.2,9.95,0.313,96.716,10839.83341,67.04730870152899,-0.7922,-2.63448,-0.12236,-6.09419,1.71274,2.57943
HD_81040_b,140.9455027,20.3646078,88.773,2151.06266,1.988,0.557,81.591,1005.98854,39.06092608847539,-6.43372,-5.18757,1.22145,0.08825,0.09564,0.87102
HD_81817_b,144.2715659,81.3263096,95.594,7668.5638,3.233,0.097,294.231,1021.20159,35.85819049104715,2.93682,1.93251,1.57321,0.81907,0.91219,-2.64952
HD_82943_b,143.7114034,-12.1302976,90.0,534.25,1.18306,0.162,300.9,441.47,36.2885966,4.70476,3.45455,3.49328,0.41038,0.30133,-0.85069
HD_82943_c,143.7114034,-12.1302976,90.0,622.603,0.74345,0.3663,117.2,220.078,36.2885966,-7.67097,-5.63254,-4.89096,-0.17358,-0.12746,0.41903
HD_86065_b,148.9256674,-18.1069385,29.821,2877.30057,15.947,0.219,142.418,25775.78859,50.47034877587046,0.27935,-1.78488,-0.77467,-11.36503,-3.41822,3.77744
HD_86226_c,149.1235154,-24.0991859,86.45,7.25,0.049,0.075,196.0,3.98442,30.92497809485115,8.17136,2.77216,-29.35774,-0.03698,-0.02305,-0.01247
HD_86264_b,149.2409308,-15.8953993,93.591,3117.26102,2.763,0.821,313.959,1488.79123,30.80858105105081,7.72241,3.99475,8.35244,0.28344,0.19498,-0.35532
HD_8673_b,21.5378455,34.5793389,95.45,4210.59074,2.97,0.73,323.459,1644.69097,158.37336077002527,-4.84843,2.67979,7.38114,-0.61563,0.1953,-0.47529
HD_87883_b,152.1794175,34.2419984,25.446,1719.13385,4.055,0.707,289.351,3309.22118,50.847034990582806,2.7391,6.93307,1.07222,1.03353,-0.33384,-0.48165
HD_88072_b,152.3467466,2.371054,169.626,2511.7979,13.895,0.156,272.477,18538.79293,71.03373650080658,0.71986,1.83659,0.01535,-10.73448,4.22504,-2.10981
HD_88133_b,152.5319349,18.1857284,15.0,324.1866,0.0479,0.031,43.0,3.414884,63.53293586293498,-27.72789,-8.75571,5.60536,-0.01224,0.04402,0.00819
HD_88986_b,154.1166869,28.6820708,89.9,17.2,0.58,0.24,306.0,146.05,25.883347373786123,7.66568,3.73152,6.19424,0.23338,0.11255,-0.35661
HD_89307_b,154.5874958,12.6209392,72.0,642.01338,3.27,0.2,14.0,2166.0,26.544522304924335,-1.4912,0.68138,3.92701,2.18333,1.3093,0.60189
HD_89345_b,154.6710977,10.1288464,87.21,34.9613,0.1066,0.22,-13.0,11.8143,25.35518984471015,4.4037,3.34997,23.42301,0.0736,0.03387,-0.01868
HD_89839_b,155.168879,-53.6640291,49.5,1592.32032,4.761,0.187,161.5,3441.0,31.32145500692802,0.17084,-2.40457,-2.50907,-3.55037,-1.22676,0.93392
HD_93351_c,161.6779279,-1.6885763,14.636,4154.01728,11.154,0.109,48.185,14010.2941,52.65493666038452,-2.02535,-0.42228,0.3536,-1.67796,9.61508,1.87157