pl_name,mass,vx,vy,vz,x,y,z,Cluster,centroid_mass,centroid_x,centroid_y,centroid_z
14_Her_b,2559.47216,-4.64113,0.88954,2.97201,-0.07219,-1.69258,0.39387,3,3739.7065624324323,-0.15130081081081065,0.4881935135135135,0.38931972972972967
51_Eri_b,635.66,0.83989,-2.67728,0.10748,4.66696,1.67694,5.30235,3,3739.7065624324323,-0.15130081081081065,0.4881935135135135,0.38931972972972967
51_Peg_b,146.2018,23.31683,3.97254,14.47044,-0.02442,-0.0149,0.04344,4,8171.52726,-8.004125,-11.006879999999999,-5.38135
55_Cnc_b,263.9785,4.6168,5.04523,17.35987,0.0723,0.07685,-0.04156,4,8171.52726,-8.004125,-11.006879999999999,-5.38135
55_Cnc_c,54.4738,-0.42628,-0.36329,13.27938,0.15724,0.16783,0.00964,4,8171.52726,-8.004125,-11.006879999999999,-5.38135
55_Cnc_d,1232.493,1.87079,2.00313,1.04662,1.281,1.33331,-4.84155,4,8171.52726,-8.004125,-11.006879999999999,-5.38135
55_Cnc_e,7.99,-36.44806,-38.52269,3.68511,-0.0005,0.00186,0.01454,4,8171.52726,-8.004125,-11.006879999999999,-5.38135
55_Cnc_f,44.812,5.25966,5.60439,-1.02551,-0.06172,-0.07069,-0.7029,4,8171.52726,-8.004125,-11.006879999999999,-5.38135
7_CMa_b,587.9855,-0.20353,-1.26064,-4.8675,-0.25477,-1.578,0.41934,2,4900.278378888889,-1.541411111111111,-1.2792355555555557,5.582717777777777
7_CMa_c,276.5121,0.59444,3.68186,-2.75971,-0.18779,-1.16314,-1.59225,2,4900.278378888889,-1.541411111111111,-1.2792355555555557,5.582717777777777
AF_Lep_b,1017.0509,1.37964,1.5459,-1.83708,2.64815,-5.26913,-2.44521,0,9333.03117,-5.00373,6.4406,-8.27413
AU_Mic_b,20.12,19.70411,22.42643,0.7671,-0.00055,-0.00132,0.05248,4,8171.52726,-8.004125,-11.006879999999999,-5.38135
AU_Mic_c,9.6,-8.73596,-9.66516,-13.82999,0.05194,0.06069,-0.07522,4,8171.52726,-8.004125,-11.006879999999999,-5.38135
BD_45_564_b,432.24663,-2.10516,-7.48938,0.11796,-0.70239,0.19792,0.03094,4,8171.52726,-8.004125,-11.006879999999999,-5.38135
BD_55_362_b,228.83645,6.40984,6.85293,-0.06892,0.41581,-0.38897,-0.00426,4,8171.52726,-8.004125,-11.006879999999999,-5.38135
BD_63_1405_b,3305.41543,-1.23325,17.28299,-0.13365,0.24523,0.0177,0.02566,0,9333.03117,-5.00373,6.4406,-8.27413
BD_00_4475_b,7961.6016,-6.29909,-4.58791,-0.23583,-0.51243,0.71415,-0.20604,0,9333.03117,-5.00373,6.4406,-8.27413
BD_14_3065_b,3932.0,-20.06011,-7.29641,15.20563,0.02863,0.02324,0.04893,4,8171.52726,-8.004125,-11.006879999999999,-5.38135
BD_210397_c,1525.57635,2.90415,1.85139,-2.21926,1.90768,-2.76295,0.19146,0,9333.03117,-5.00373,6.4406,-8.27413
CoRoT_10_b,874.0,-8.51638,-20.20659,-27.15355,0.01313,0.0363,-0.03113,3,3739.7065624324323,-0.15130081081081065,0.4881935135135135,0.38931972972972967
CoRoT_12_b,291.438,-5.37572,-32.04403,-8.67714,-0.00459,-0.00897,0.03596,2,4900.278378888889,-1.541411111111111,-1.2792355555555557,5.582717777777777
CoRoT_16_b,170.032,-1.94442,7.524,-34.75188,0.00671,0.04001,0.00829,4,8171.52726,-8.004125,-11.006879999999999,-5.38135
CoRoT_17_b,772.29,0.83798,-0.12816,29.25143,-0.00697,-0.04557,0.0,4,8171.52726,-8.004125,-11.006879999999999,-5.38135
CoRoT_2_b,1102.82,13.57419,34.71225,-7.91775,0.00297,0.00499,0.02696,4,8171.52726,-8.004125,-11.006879999999999,-5.38135
CoRoT_20_b,1366.669,-5.43736,-35.34463,20.54981,0.00148,0.01836,0.03197,3,3739.7065624324323,-0.15130081081081065,0.4881935135135135,0.38931972972972967
CoRoT_22_b,12.2,-2.15439,-10.97922,-19.37847,0.01343,0.0723,-0.04246,4,8171.52726,-8.004125,-11.006879999999999,-5.38135
CoRoT_23_b,889.9,6.03323,25.90946,20.69028,-0.00186,-0.02487,0.03168,4,8171.52726,-8.004125,-11.006879999999999,-5.38135
CoRoT_28_b,153.82972,2.75915,21.5275,-15.75535,0.00662,0.03316,0.04647,4,8171.52726,-8.004125,-11.006879999999999,-5.38135
CoRoT_29_b,270.1555,5.44416,34.24235,1.81508,0.00136,-0.00209,0.03535,4,8171.52726,-8.004125,-11.006879999999999,-5.38135
CoRoT_30_b,921.707,0.09552,0.71576,-21.76757,0.01108,0.08303,0.00278,4,8171.52726,-8.004125,-11.006879999999999,-5.38135
CoRoT_31_b,266.9772,0.11157,22.12362,14.55073,0.0083,0.0312,-0.0475,2,4900.278378888889,-1.541411111111111,-1.2792355555555557,5.582717777777777
CoRoT_5_b,148.42,6.09795,23.51195,-19.12805,-0.00293,-0.02789,-0.03522,4,8171.52726,-8.004125,-11.006879999999999,-5.38135
CoRoT_7_b,4.07661,4.55809,-17.64028,-44.58835,-0.00398,-0.01552,0.00573,2,4900.278378888889,-1.541411111111111,-1.2792355555555557,5.582717777777777
CoRoT_7_c,8.4,4.99711,-0.95268,-28.85044,-0.00861,-0.04519,0.0,2,4900.278378888889,-1.541411111111111,-1.2792355555555557,5.582717777777777
CoRoT_9_b,266.9772,1.40543,7.29714,8.54865,-0.04885,-0.25853,0.22872,4,8171.52726,-8.004125,-11.006879999999999,-5.38135
DENIS_P_J082303.1_491201_b,9057.77,-10.28332,-4.18299,10.09655,0.03207,0.20246,0.11654,0,9333.03117,-5.00373,6.4406,-8.27413
EPIC_211822797_b,4.35,-0.06926,0.05896,19.30101,0.07282,0.08553,0.0,4,8171.52726,-8.004125,-11.006879999999999,-5.38135
EPIC_211945201_b,27.0,-11.80612,-11.18208,0.0,-0.00376,0.00397,0.1492,4,8171.52726,-8.004125,-11.006879999999999,-5.38135
EPIC_220674823_c,8.9,0.79552,0.06843,-21.74466,0.09171,-0.02135,0.00329,2,4900.278378888889,-1.541411111111111,-1.2792355555555557,5.582717777777777
EPIC_249893012_b,8.75,13.37925,-17.22615,-21.71294,-0.02235,0.02193,-0.03117,2,4900.278378888889,-1.541411111111111,-1.2792355555555557,5.582717777777777
EPIC_249893012_c,14.67,7.08775,-8.75193,-14.91854,-0.06623,0.07031,-0.07271,2,4900.278378888889,-1.541411111111111,-1.2792355555555557,5.582717777777777
EPIC_249893012_d,10.18,0.07357,-0.29884,-15.57841,-0.12452,0.13947,-0.00326,2,4900.278378888889,-1.541411111111111,-1.2792355555555557,5.582717777777777
G_9_40_b,11.7,-0.56792,0.5622,32.0121,0.02709,0.02736,0.0,4,8171.52726,-8.004125,-11.006879999999999,-5.38135
GJ_1132_b,1.83705,45.32724,22.22109,-5.12501,-0.00119,-0.00114,-0.01543,4,8171.52726,-8.004125,-11.006879999999999,-5.38135
GJ_1214_b,8.41,-9.52242,49.30366,11.59107,0.00091,-0.00325,0.01457,4,8171.52726,-8.004125,-11.006879999999999,-5.38135
GJ_1252_b,1.32,39.36898,52.58008,0.0,0.00064,-0.00048,0.00912,4,8171.52726,-8.004125,-11.006879999999999,-5.38135
GJ_143_b,22.7,10.66889,-13.48879,-2.41686,0.01198,-0.01811,0.15397,2,4900.278378888889,-1.541411111111111,-1.2792355555555557,5.582717777777777
GJ_179_b,301.93699,2.6771,-1.63894,-3.90347,0.03272,-1.74707,0.75598,2,4900.278378888889,-1.541411111111111,-1.2792355555555557,5.582717777777777
GJ_2030_c,4069.15709,1.1894,0.98131,-0.42324,9.72185,-12.64402,-1.99535,0,9333.03117,-5.00373,6.4406,-8.27413
GJ_3090_b,3.34,32.06932,-10.04932,-35.94278,0.01449,-0.00619,0.01466,2,4900.278378888889,-1.541411111111111,-1.2792355555555557,5.582717777777777
GJ_317_b,794.5,-4.24598,-4.42155,1.37265,-0.44782,0.65351,0.71986,2,4900.278378888889,-1.541411111111111,-1.2792355555555557,5.582717777777777
GJ_3470_b,13.9,-0.9465,-0.61784,33.90066,0.01731,0.03029,0.00104,4,8171.52726,-8.004125,-11.006879999999999,-5.38135
GJ_3634_b,8.4,-38.71859,-10.13355,3.60045,-0.0015,0.01372,0.02251,2,4900.278378888889,-1.541411111111111,-1.2792355555555557,5.582717777777777
GJ_367_b,0.633,-62.99242,-36.11386,31.72946,0.00164,0.00241,0.00599,2,4900.278378888889,-1.541411111111111,-1.2792355555555557,5.582717777777777
GJ_3929_b,1.75,-20.03685,34.13398,0.0,0.00059,0.00035,0.02519,4,8171.52726,-8.004125,-11.006879999999999,-5.38135
GJ_436_b,22.1,6.40037,3.10308,41.7303,0.02471,0.00168,-0.00392,2,4900.278378888889,-1.541411111111111,-1.2792355555555557,5.582717777777777
GJ_463_b,1144.18227,3.09847,-1.84828,0.61578,1.68039,2.34796,-1.40792,4,8171.52726,-8.004125,-11.006879999999999,-5.38135
GJ_486_b,3.0,-46.96041,9.96776,0.0,7e-05,0.00032,0.01713,4,8171.52726,-8.004125,-11.006879999999999,-5.38135
GJ_676_A_b,1840.86213,-0.42911,6.61982,0.25553,0.77758,0.01607,0.88946,4,8171.52726,-8.004125,-11.006879999999999,-5.38135
GJ_676_A_c,4288.14087,-0.04229,-2.72557,-0.15966,-5.71089,0.31018,-3.78229,0,9333.03117,-5.00373,6.4406,-8.27413
GJ_680_b,7977.49302,-2.4152,1.39626,-0.95134,2.7258,5.52582,1.19004,0,9333.03117,-5.00373,6.4406,-8.27413
GJ_832_b,314.65012,-2.45755,0.31462,-2.37791,1.56995,2.89007,-1.24015,4,8171.52726,-8.004125,-11.006879999999999,-5.38135
GJ_876_b,723.2235,11.87154,-0.80682,7.78578,-0.09519,-0.11788,0.13293,4,8171.52726,-8.004125,-11.006879999999999,-5.38135
GJ_876_c,226.9846,18.63638,-1.64252,12.81307,-0.04769,-0.05622,0.06215,4,8171.52726,-8.004125,-11.006879999999999,-5.38135
GJ_876_d,6.83,-46.40908,1.01465,-27.0755,0.00689,0.00969,-0.01144,4,8171.52726,-8.004125,-11.006879999999999,-5.38135
GJ_876_e,14.6,-10.2959,-0.37172,-5.06905,0.10759,0.18534,-0.23211,4,8171.52726,-8.004125,-11.006879999999999,-5.38135
GJ_896_A_b,718.2922,-0.82455,-4.13479,10.50756,-0.41154,-0.03642,-0.04663,3,3739.7065624324323,-0.15130081081081065,0.4881935135135135,0.38931972972972967
GJ_9714_b,2988.54051,0.88076,1.89831,-0.03247,-8.55322,4.04274,4.34252,1,1102.6302929666667,-0.025847466666666624,0.05452856666666667,-0.016709300000000066
HAT_P_1_b,166.86075,-24.71328,-6.28681,-7.72306,0.01448,0.00825,-0.05305,4,8171.52726,-8.004125,-11.006879999999999,-5.38135
HAT_P_11_b,26.69772,5.49866,9.6925,32.34432,-0.01793,-0.03446,0.01338,4,8171.52726,-8.004125,-11.006879999999999,-5.38135
HAT_P_11_c,731.009,4.61638,2.21191,-3.48597,-0.19811,1.48728,0.68135,3,3739.7065624324323,-0.15130081081081065,0.4881935135135135,0.38931972972972967
HAT_P_12_b,67.059,3.04793,-1.0778,31.90035,0.03326,-0.01881,-0.00381,2,4900.278378888889,-1.541411111111111,-1.2792355555555557,5.582717777777777
HAT_P_13_b,270.462,12.04207,9.76745,-26.16456,-0.02201,-0.03041,-0.02148,2,4900.278378888889,-1.541411111111111,-1.2792355555555557,5.582717777777777
HAT_P_14_b,1093.3352,-5.59967,27.05646,-7.91946,0.00318,0.01548,0.05064,4,8171.52726,-8.004125,-11.006879999999999,-5.38135
HAT_P_15_b,616.5902,-9.72825,22.24298,-3.41153,0.00549,-0.00947,-0.07739,2,4900.278378888889,-1.541411111111111,-1.2792355555555557,5.582717777777777
HAT_P_16_b,1332.605,-17.40991,4.53962,-26.52499,0.03277,-0.0042,-0.02222,2,4900.278378888889,-1.541411111111111,-1.2792355555555557,5.582717777777777
HAT_P_17_b,184.3414,-9.1298,-6.01624,-28.46198,0.04342,0.03129,-0.02054,4,8171.52726,-8.004125,-11.006879999999999,-5.38135
HAT_P_18_b,62.61,-6.20282,24.25772,-14.45159,-0.00514,0.0251,0.04433,4,8171.52726,-8.004125,-11.006879999999999,-5.38135
HAT_P_19_b,88.03847,-30.06297,5.10452,-7.60254,0.01026,-0.00137,-0.0415,2,4900.278378888889,-1.541411111111111,-1.2792355555555557,5.582717777777777
HAT_P_2_b,2866.81223,-0.07482,-6.5844,-42.15825,-0.01394,0.02944,-0.00457,3,3739.7065624324323,-0.15130081081081065,0.4881935135135135,0.38931972972972967
HAT_P_20_b,2302.899,7.26215,21.75503,24.51269,0.01095,0.02363,-0.02421,2,4900.278378888889,-1.541411111111111,-1.2792355555555557,5.582717777777777
HAT_P_21_b,1547.8321,28.48749,5.41012,20.87513,0.02222,0.00189,-0.03081,2,4900.278378888889,-1.541411111111111,-1.2792355555555557,5.582717777777777
HAT_P_22_b,785.0401,-11.03226,-6.70124,-28.73829,-0.03414,-0.01447,0.01648,4,8171.52726,-8.004125,-11.006879999999999,-5.38135
HAT_P_23_b,664.237,22.33783,33.84668,-21.46169,0.00699,0.00696,0.01825,4,8171.52726,-8.004125,-11.006879999999999,-5.38135
HAT_P_24_b,238.3725,3.63859,8.41274,-29.87609,-0.01305,-0.03925,-0.01264,2,4900.278378888889,-1.541411111111111,-1.2792355555555557,5.582717777777777
HAT_P_25_b,180.84527,-19.09421,21.13577,8.70369,-0.00782,0.01086,-0.04352,2,4900.278378888889,-1.541411111111111,-1.2792355555555557,5.582717777777777
HAT_P_26_b,22.2481,-19.20195,13.20501,22.49165,0.02492,-0.0154,0.03031,4,8171.52726,-8.004125,-11.006879999999999,-5.38135
HAT_P_27_b,197.05,1.86303,2.00653,31.29638,0.02931,-0.02722,0.0,4,8171.52726,-8.004125,-11.006879999999999,-5.38135
HAT_P_28_b,198.953,-24.54789,6.35538,-19.08981,0.02441,-0.00446,-0.03287,2,4900.278378888889,-1.541411111111111,-1.2792355555555557,5.582717777777777
HAT_P_29_b,279.6904,8.67559,-4.16716,-24.82588,0.04683,-0.03192,0.02172,2,4900.278378888889,-1.541411111111111,-1.2792355555555557,5.582717777777777
HAT_P_3_b,206.5895,-27.53988,12.9827,-9.70433,-0.00977,0.00677,0.03679,4,8171.52726,-8.004125,-11.006879999999999,-5.38135
HAT_P_30_b,263.7989,17.81074,24.64226,-9.81118,-0.00337,-0.0127,-0.03802,2,4900.278378888889,-1.541411111111111,-1.2792355555555557,5.582717777777777
HAT_P_31_b,721.4741,-0.6926,-32.63756,3.59936,-0.00243,-0.00496,-0.04542,4,8171.52726,-8.004125,-11.006879999999999,-5.38135
HAT_P_32_b,216.1244,26.02912,-16.2033,25.72021,-0.01593,0.00914,0.02188,4,8171.52726,-8.004125,-11.006879999999999,-5.38135
HAT_P_33_b,292.4036,-4.08133,-6.16818,27.12296,0.01839,0.04461,0.01291,4,8171.52726,-8.004125,-11.006879999999999,-5.38135
HAT_P_34_b,1058.3739,9.3269,10.9843,35.51971,-0.01892,-0.03028,0.01433,4,8171.52726,-8.004125,-11.006879999999999,-5.38135
HAT_P_35_b,335.62848,15.01861,22.00667,-10.75059,-0.00823,-0.01646,-0.04518,2,4900.278378888889,-1.541411111111111,-1.2792355555555557,5.582717777777777
HAT_P_36_b,587.41341,-32.95755,6.16681,27.09536,0.01419,-0.00118,0.01753,4,8171.52726,-8.004125,-11.006879999999999,-5.38135
HAT_P_37_b,371.528,0.6017,9.57523,-32.83094,0.00898,0.03313,0.00983,4,8171.52726,-8.004125,-11.006879999999999,-5.38135
HAT_P_38_b,84.857,-20.48961,15.09336,-14.68416,0.02061,-0.01311,-0.04224,2,4900.278378888889,-1.541411111111111,-1.2792355555555557,5.582717777777777
HAT_P_4_b,213.255,-19.0198,22.6505,-3.84137,-0.00362,0.00442,0.04401,4,8171.52726,-8.004125,-11.006879999999999,-5.38135
HAT_P_44_b,111.871,-22.57228,14.52739,-11.39257,-0.01547,0.01094,0.04461,4,8171.52726,-8.004125,-11.006879999999999,-5.38135
HAT_P_45_b,283.492,0.33761,17.38161,-25.71355,0.00364,0.03546,0.02402,4,8171.52726,-8.004125,-11.006879999999999,-5.38135
HAT_P_46_b,156.684,1.00922,27.80731,10.09236,0.0036,-0.01734,0.0474,4,8171.52726,-8.004125,-11.006879999999999,-5.38135
HAT_P_49_b,699.226,1.62259,-1.15234,29.96306,-0.02535,-0.03569,0.0,4,8171.52726,-8.004125,-11.006879999999999,-5.38135
HAT_P_6_b,419.5356,27.25204,2.65452,-1.95664,0.0041,-0.00373,0.0521,4,8171.52726,-8.004125,-11.006879999999999,-5.38135
HAT_P_7_b,584.8072,-8.34277,-10.99843,-29.72176,0.01097,0.03179,-0.01484,4,8171.52726,-8.004125,-11.006879999999999,-5.38135
HAT_P_8_b,406.8224,25.32815,8.2506,-12.98041,0.0193,0.00427,0.04038,4,8171.52726,-8.004125,-11.006879999999999,-5.38135
HAT_P_9_b,238.05467,-3.27331,-13.66393,-26.19619,-0.01604,-0.03966,0.02269,2,4900.278378888889,-1.541411111111111,-1.2792355555555557,5.582717777777777
HATS_1_b,589.55,-10.55552,1.63356,31.89925,0.03697,0.00383,0.01204,4,8171.52726,-8.004125,-11.006879999999999,-5.38135
HATS_2_b,435.42492,-0.11993,2.10335,55.59951,0.01642,0.00094,0.0,4,8171.52726,-8.004125,-11.006879999999999,-5.38135
HATS_22_b,870.8542,-25.07724,-2.0258,16.95427,0.0256,0.00406,0.03834,4,8171.52726,-8.004125,-11.006879999999999,-5.38135
HATS_24_b,718.2958,-0.78653,40.72025,0.0,0.00167,3e-05,0.02374,4,8171.52726,-8.004125,-11.006879999999999,-5.38135
HATS_3_b,340.382,6.864,10.06009,-25.80054,0.03064,0.03155,0.02045,4,8171.52726,-8.004125,-11.006879999999999,-5.38135
HATS_4_b,420.471,2.31297,33.24825,2.91487,0.00115,0.00304,-0.03558,2,4900.278378888889,-1.541411111111111,-1.2792355555555557,5.582717777777777
HATS_41_b,3082.951,-1.68835,-27.3158,-27.53585,-0.01007,-0.02433,0.02476,3,3739.7065624324323,-0.15130081081081065,0.4881935135135135,0.38931972972972967
HATS_43_b,82.95363,-3.14727,16.53458,29.14267,-0.00555,0.03497,-0.02044,2,4900.278378888889,-1.541411111111111,-1.2792355555555557,5.582717777777777
HATS_5_b,75.323,-4.04802,10.43434,-25.12642,0.01905,-0.04468,-0.02162,2,4900.278378888889,-1.541411111111111,-1.2792355555555557,5.582717777777777
HATS_59_b,256.17098,20.97052,2.91363,-19.72289,-0.03557,-0.00738,-0.03891,2,4900.278378888889,-1.541411111111111,-1.2792355555555557,5.582717777777777
HD_100777_b,390.92894,3.68273,0.38937,-8.31765,-0.59705,-0.06313,-0.26731,2,4900.278378888889,-1.541411111111111,-1.2792355555555557,5.582717777777777
HD_10180_c,13.1,-12.87563,5.86047,22.63933,-0.04588,0.02088,-0.0315,2,4900.278378888889,-1.541411111111111,-1.2792355555555557,5.582717777777777
HD_10180_d,11.75,-10.43529,4.74973,16.37428,-0.08331,0.03792,-0.06409,2,4900.278378888889,-1.541411111111111,-1.2792355555555557,5.582717777777777
HD_10180_e,25.1,6.30915,-2.87167,-10.67427,0.19551,-0.08899,0.1395,2,4900.278378888889,-1.541411111111111,-1.2792355555555557,5.582717777777777
HD_10180_f,23.9,-4.99979,2.2757,8.459,-0.33147,0.15087,-0.23651,2,4900.278378888889,-1.541411111111111,-1.2792355555555557,5.582717777777777
HD_10180_g,21.4,-3.41319,1.55355,5.77467,-0.80278,0.36539,-0.5728,2,4900.278378888889,-1.541411111111111,-1.2792355555555557,5.582717777777777
HD_10180_h,64.4,2.10619,-0.95865,-2.96191,2.19453,-0.99886,1.8838,2,4900.278378888889,-1.541411111111111,-1.2792355555555557,5.582717777777777
HD_103891_b,918.5241,0.21496,-4.24544,-2.2025,-2.25392,-0.10012,-0.027,0,9333.03117,-5.00373,6.4406,-8.27413
HD_105618_c,8419.59233,1.12817,-0.3521,-0.16345,-10.07657,-24.8724,-15.97092,1,1102.6302929666667,-0.025847466666666624,0.05452856666666667,-0.016709300000000066
HD_106252_b,3178.28407,6.22433,1.15864,1.72214,0.42188,-0.9153,-0.90898,0,9333.03117,-5.00373,6.4406,-8.27413
HD_106270_b,3623.24384,-0.11292,1.89067,3.68763,2.71629,-0.11008,0.13962,4,8171.52726,-8.004125,-11.006879999999999,-5.38135
HD_106315_b,12.6,19.56446,-1.6955,-11.78478,-0.04248,-0.00045,-0.07045,2,4900.278378888889,-1.541411111111111,-1.2792355555555557,5.582717777777777
HD_106315_c,15.2,-19.90673,1.15737,-2.09519,-0.01233,0.00364,0.11912,4,8171.52726,-8.004125,-11.006879999999999,-5.38135
HD_106515_A_b,3025.09078,-4.90834,0.27252,-2.73125,-0.94479,0.09457,1.70732,3,3739.7065624324323,-0.15130081081081065,0.4881935135135135,0.38931972972972967
HD_10697_b,1825.28854,4.08144,-1.87315,-1.88411,0.58812,-0.41844,1.69001,2,4900.278378888889,-1.541411111111111,-1.2792355555555557,5.582717777777777
HD_108202_b,953.48522,-5.54192,1.43914,1.00192,0.49733,0.91251,1.4402,3,3739.7065624324323,-0.15130081081081065,0.4881935135135135,0.38931972972972967
HD_108236_b,3.24,-24.91417,2.10521,-18.14118,-0.02508,0.00437,0.03495,2,4900.278378888889,-1.541411111111111,-1.2792355555555557,5.582717777777777
HD_108236_c,4.94,13.28153,-2.19958,-22.36815,-0.0511,0.00497,-0.03083,2,4900.278378888889,-1.541411111111111,-1.2792355555555557,5.582717777777777
HD_108236_d,6.98,-9.78977,0.83579,-17.71531,-0.08809,0.01097,0.0492,2,4900.278378888889,-1.541411111111111,-1.2792355555555557,5.582717777777777
HD_108236_e,9.71,-14.11545,1.47981,-11.08708,-0.07861,0.01041,0.10146,2,4900.278378888889,-1.541411111111111,-1.2792355555555557,5.582717777777777
HD_108236_f,4.72,15.60976,-1.7742,1.37424,0.0141,-0.00465,-0.16617,2,4900.278378888889,-1.541411111111111,-1.2792355555555557,5.582717777777777
HD_108341_b,715.11392,1.82884,-6.79462,-13.92619,-0.29576,0.01716,-0.04721,3,3739.7065624324323,-0.15130081081081065,0.4881935135135135,0.38931972972972967
HD_109988_b,6935.33367,-1.4007,1.16044,0.46831,7.62683,6.81954,5.91325,0,9333.03117,-5.00373,6.4406,-8.27413
HD_110082_b,10.3,-15.06572,2.81875,-17.00378,-0.06515,0.0165,0.06046,2,4900.278378888889,-1.541411111111111,-1.2792355555555557,5.582717777777777
HD_110113_b,4.55,0.55697,1.41044,36.83703,0.03126,-0.00555,-0.00026,2,4900.278378888889,-1.541411111111111,-1.2792355555555557,5.582717777777777
HD_110537_b,8612.832,-2.29861,0.18897,-0.45295,-0.97901,6.39856,7.63765,1,1102.6302929666667,-0.025847466666666624,0.05452856666666667,-0.016709300000000066
HD_11112_b,2598.56506,-1.21796,1.9058,0.43272,-7.24883,-3.45137,-5.20233,1,1102.6302929666667,-0.025847466666666624,0.05452856666666667,-0.016709300000000066
HD_111232_b,2531.50326,-5.18827,1.14956,-0.3841,-0.1411,-0.07522,1.68074,2,4900.278378888889,-1.541411111111111,-1.2792355555555557,5.582717777777777
HD_111232_c,5740.93452,-1.54488,0.42261,2.3456,6.19126,-1.18048,4.29043,3,3739.7065624324323,-0.15130081081081065,0.4881935135135135,0.38931972972972967
HD_111998_b,1525.57635,0.87562,-0.20691,-5.10263,-1.59259,0.37634,-0.28855,2,4900.278378888889,-1.541411111111111,-1.2792355555555557,5.582717777777777
HD_112570_b,1086.97315,3.54016,0.1227,1.62364,1.06099,-1.9818,-2.1636,0,9333.03117,-5.00373,6.4406,-8.27413
HD_113337_c,6299.67686,-0.4868,1.66836,2.2488,5.40225,-0.65791,1.65753,0,9333.03117,-5.00373,6.4406,-8.27413
HD_114082_b,2542.62726,6.69614,-2.08781,-11.35676,-0.25106,0.07828,-0.16242,3,3739.7065624324323,-0.15130081081081065,0.4881935135135135,0.38931972972972967
HD_114783_c,603.87397,0.67154,2.71773,-0.94327,-4.48038,1.37531,0.7728,2,4900.278378888889,-1.541411111111111,-1.2792355555555557,5.582717777777777
HD_11505_b,2510.52659,1.2451,-0.70723,0.74525,-7.36902,3.20753,15.35538,1,1102.6302929666667,-0.025847466666666624,0.05452856666666667,-0.016709300000000066
HD_11506_b,1551.00263,-3.85442,0.23791,-4.15824,0.96993,-1.02459,-0.95769,2,4900.278378888889,-1.541411111111111,-1.2792355555555557,5.582717777777777
HD_11506_d,2346.52713,-1.68037,0.86872,0.26002,-0.63516,2.14434,-11.26889,0,9333.03117,-5.00373,6.4406,-8.27413
HD_115404_A_c,3279.67133,2.20883,0.01502,0.67299,0.93987,-8.43323,-2.89653,0,9333.03117,-5.00373,6.4406,-8.27413
HD_115954_b,2685.65004,0.12214,-1.01407,-4.6737,-2.41035,0.84207,-0.2457,3,3739.7065624324323,-0.15130081081081065,0.4881935135135135,0.38931972972972967
HD_117207_b,669.34663,-3.48574,1.46871,-0.01394,0.27673,0.68624,3.10551,4,8171.52726,-8.004125,-11.006879999999999,-5.38135
HD_118203_b,693.50158,-11.63769,4.43778,-29.88419,-0.04134,0.01838,0.01883,4,8171.52726,-8.004125,-11.006879999999999,-5.38135
HD_118203_c,3527.89532,-0.12712,0.36665,-3.25912,-4.22093,1.80806,0.36804,3,3739.7065624324323,-0.15130081081081065,0.4881935135135135,0.38931972972972967
HD_120084_b,2034.1018,-4.573,2.32332,-0.76706,0.61209,1.63424,1.30079,0,9333.03117,-5.00373,6.4406,-8.27413
HD_12235_c,3135.69506,1.1157,-1.11264,0.20887,-10.04244,-7.56181,13.3613,1,1102.6302929666667,-0.025847466666666624,0.05452856666666667,-0.016709300000000066
HD_124330_b,238.37131,9.0976,3.22775,0.12927,0.18975,-0.53494,0.00251,4,8171.52726,-8.004125,-11.006879999999999,-5.38135
HD_125271_b,3465.60095,-0.40695,0.44942,-2.17358,-7.06344,5.10255,2.37746,1,1102.6302929666667,-0.025847466666666624,0.05452856666666667,-0.016709300000000066
HD_125390_b,8646.20398,2.02428,-0.68235,6.33926,1.08024,-0.79541,-0.43056,3,3739.7065624324323,-0.15130081081081065,0.4881935135135135,0.38931972972972967
HD_125612_d,2281.37231,2.05515,-1.35382,2.53659,2.02234,-1.5231,-2.45141,2,4900.278378888889,-1.541411111111111,-1.2792355555555557,5.582717777777777
HD_126614_b,107.74383,4.73484,-4.28209,4.40032,0.53027,-0.26295,-0.82646,3,3739.7065624324323,-0.15130081081081065,0.4881935135135135,0.38931972972972967
HD_128311_b,562.24127,-0.43616,7.94212,2.19455,0.68259,-0.05091,0.31989,4,8171.52726,-8.004125,-11.006879999999999,-5.38135
HD_128311_c,1204.25787,1.04456,3.19905,4.46574,1.1612,-0.8299,0.32289,4,8171.52726,-8.004125,-11.006879999999999,-5.38135
HD_129445_b,797.7493,-5.56971,-1.52078,-6.61871,-0.43629,0.72552,0.20044,3,3739.7065624324323,-0.15130081081081065,0.4881935135135135,0.38931972972972967
HD_132406_b,1970.53612,0.71478,-4.18261,-4.74091,-0.97032,0.57865,-0.6568,4,8171.52726,-8.004125,-11.006879999999999,-5.38135
HD_135625_b,731.00534,-2.06587,2.4135,0.05538,-0.12904,-0.21437,4.52909,4,8171.52726,-8.004125,-11.006879999999999,-5.38135
HD_135872_b,1744.56013,-0.0501,0.43405,-3.60339,-2.27234,2.62305,0.34755,4,8171.52726,-8.004125,-11.006879999999999,-5.38135
HD_136118_b,4164.18779,1.13747,-4.52224,3.60747,1.03056,-0.5324,-0.99234,3,3739.7065624324323,-0.15130081081081065,0.4881935135135135,0.38931972972972967
HD_136352_b,4.72,-1.67558,1.1956,-20.13182,-0.06089,0.07413,0.00947,4,8171.52726,-8.004125,-11.006879999999999,-5.38135
HD_136352_c,11.24,8.94927,-11.04162,-5.23312,-0.04098,0.0433,-0.16144,4,8171.52726,-8.004125,-11.006879999999999,-5.38135
HD_136352_d,8.82,-1.00644,1.14792,-9.51629,-0.26702,0.32373,0.06729,2,4900.278378888889,-1.541411111111111,-1.2792355555555557,5.582717777777777
HD_13931_b,889.91954,-1.65928,-1.24696,1.91585,-3.28327,3.81614,-0.35979,4,8171.52726,-8.004125,-11.006879999999999,-5.38135
HD_139357_b,6315.56828,2.36442,-2.42875,-2.19991,-0.45108,1.503,-2.14416,3,3739.7065624324323,-0.15130081081081065,0.4881935135135135,0.38931972972972967
HD_1397_b,131.89945,0.86219,-0.50024,24.49656,-0.08187,0.00631,0.00301,2,4900.278378888889,-1.541411111111111,-1.2792355555555557,5.582717777777777
HD_14067_b,4862.77463,4.86142,-3.38094,-1.03643,-0.6552,-1.27654,1.09095,0,9333.03117,-5.00373,6.4406,-8.27413
HD_140901_c,572.09113,3.45459,-3.36337,1.58125,-1.16777,-1.91678,-1.5258,0,9333.03117,-5.00373,6.4406,-8.27413
HD_142_c,3464.64746,-2.63166,0.0755,0.41938,-1.11672,-0.01487,-7.00488,0,9333.03117,-5.00373,6.4406,-8.27413
HD_142022_A_b,1433.40612,-2.47859,0.25359,-6.13629,-0.51472,1.25063,0.25959,3,3739.7065624324323,-0.15130081081081065,0.4881935135135135,0.38931972972972967
HD_143361_b,1382.55357,0.39952,-5.05824,-1.96383,-1.12975,0.32954,-1.07863,2,4900.278378888889,-1.541411111111111,-1.2792355555555557,5.582717777777777
HD_145675_c,1597.08775,-1.69977,-0.41295,2.13032,2.30389,-6.84228,0.51193,3,3739.7065624324323,-0.15130081081081065,0.4881935135135135,0.38931972972972967
HD_145934_b,658.54046,-0.23167,-0.49303,-3.02366,-2.06036,3.98008,-0.49112,4,8171.52726,-8.004125,-11.006879999999999,-5.38135
HD_149026_b,120.7754,-11.64522,25.96161,-9.74791,-0.00176,0.01463,0.04108,4,8171.52726,-8.004125,-11.006879999999999,-5.38135
HD_149806_b,4003.68444,1.32648,2.19623,0.3659,6.59334,-4.23139,1.49538,0,9333.03117,-5.00373,6.4406,-8.27413
HD_150706_b,772.32303,-1.73654,2.21684,-2.2771,-0.00815,2.97333,2.90085,4,8171.52726,-8.004125,-11.006879999999999,-5.38135
HD_151450_c,1636.18064,0.9733,1.23081,1.10728,6.77953,-9.18434,4.24978,0,9333.03117,-5.00373,6.4406,-8.27413
HD_15337_b,7.51,21.03591,-16.24359,14.1253,-0.0185,0.0125,0.04193,2,4900.278378888889,-1.541411111111111,-1.2792355555555557,5.582717777777777
HD_15337_c,8.11,-7.89237,5.40053,15.89534,-0.08162,0.06326,-0.06202,2,4900.278378888889,-1.541411111111111,-1.2792355555555557,5.582717777777777
HD_153557_d,8725.66109,1.5046,0.29278,0.38841,3.3389,-17.87158,0.53757,1,1102.6302929666667,-0.025847466666666624,0.05452856666666667,-0.016709300000000066
HD_154345_b,378.2158,1.32585,-1.80722,2.26602,-0.19819,-3.21169,-2.44546,4,8171.52726,-8.004125,-11.006879999999999,-5.38135
HD_154391_b,2892.2385,1.61918,-1.88733,1.3245,-2.34038,-4.35433,-3.34357,0,9333.03117,-5.00373,6.4406,-8.27413
HD_155193_b,238.37131,3.45685,6.7963,0.04313,0.73225,-0.3725,0.00907,4,8171.52726,-8.004125,-11.006879999999999,-5.38135
HD_155918_c,1878.04806,-1.56425,-0.22473,-0.97724,-1.55582,12.14402,-0.3023,0,9333.03117,-5.00373,6.4406,-8.27413
HD_156098_c,1661.60691,-2.14724,-2.25804,-1.00308,-3.28985,3.70712,-1.30272,0,9333.03117,-5.00373,6.4406,-8.27413
HD_156279_c,3098.82697,-0.82276,3.37045,-0.49241,0.91953,0.78968,3.86872,4,8171.52726,-8.004125,-11.006879999999999,-5.38135
HD_15906_b,5.65,6.60977,-4.2278,-22.03442,0.05868,-0.04752,0.02672,2,4900.278378888889,-1.541411111111111,-1.2792355555555557,5.582717777777777
HD_15906_c,8.91,-12.57888,10.10841,-6.55081,0.04167,-0.0294,-0.12539,2,4900.278378888889,-1.541411111111111,-1.2792355555555557,5.582717777777777
HD_160691_b,1366.66215,2.04324,3.80122,3.92703,0.47173,-0.99003,0.71287,4,8171.52726,-8.004125,-11.006879999999999,-5.38135
HD_160691_c,1398.44499,-0.02514,3.38244,0.30746,1.88951,-0.28027,3.23778,4,8171.52726,-8.004125,-11.006879999999999,-5.38135
HD_160691_e,2224.79885,-3.28612,-1.76338,-5.86446,-0.14876,0.84205,-0.16984,2,4900.278378888889,-1.541411111111111,-1.2792355555555557,5.582717777777777
HD_16175_b,1875.1876,-1.84169,6.35583,-5.54069,0.65937,-0.22881,-0.48164,3,3739.7065624324323,-0.15130081081081065,0.4881935135135135,0.38931972972972967
HD_165131_b,5943.39121,2.57785,0.41697,7.0556,-0.00055,-1.16333,0.06895,3,3739.7065624324323,-0.15130081081081065,0.4881935135135135,0.38931972972972967
HD_166724_b,1207.74795,-2.53241,-2.47536,-5.91112,-0.12911,1.34335,-0.50723,3,3739.7065624324323,-0.15130081081081065,0.4881935135135135,0.38931972972972967
HD_167677_b,905.81096,1.93518,-3.84698,1.13317,-1.79353,-1.18453,-0.95842,0,9333.03117,-5.00373,6.4406,-8.27413
HD_168443_c,5500.33841,0.32683,4.18799,1.90528,-0.12438,-0.92025,2.04414,3,3739.7065624324323,-0.15130081081081065,0.4881935135135135,0.38931972972972967
HD_168863_b,2154.8766,1.15208,1.55057,-1.23574,-3.58017,6.54476,4.8744,3,3739.7065624324323,-0.15130081081081065,0.4881935135135135,0.38931972972972967
HD_16905_b,3591.461,-1.80525,4.33085,-1.23987,2.14725,0.38526,-1.78066,0,9333.03117,-5.00373,6.4406,-8.27413
HD_169830_c,2437.42605,2.71258,-3.48341,1.31286,-1.60977,-1.51617,-0.69681,0,9333.03117,-5.00373,6.4406,-8.27413
HD_171238_b,2796.88998,-0.32576,4.95994,-0.19838,1.85605,0.14748,0.63937,0,9333.03117,-5.00373,6.4406,-8.27413
HD_17156_b,1115.5833,22.96608,-20.05671,-18.53512,0.01883,-0.01953,0.04447,3,3739.7065624324323,-0.15130081081081065,0.4881935135135135,0.38931972972972967
HD_175167_b,2037.59792,-0.91732,-1.14051,7.29765,-0.26115,-1.03895,-0.1952,3,3739.7065624324323,-0.15130081081081065,0.4881935135135135,0.38931972972972967
HD_18015_b,1048.83374,-2.51407,2.70807,-0.30166,1.03918,0.62315,-3.06653,2,4900.278378888889,-1.541411111111111,-1.2792355555555557,5.582717777777777
HD_181234_b,2980.91263,2.02753,5.39322,-0.53497,-0.22499,0.28323,2.00259,3,3739.7065624324323,-0.15130081081081065,0.4881935135135135,0.38931972972972967
HD_18143_c,3177.64841,-1.5578,0.60619,0.73619,2.05188,12.6075,-6.0394,0,9333.03117,-5.00373,6.4406,-8.27413
HD_183263_c,2958.98247,-0.57046,-2.44942,1.22609,-2.11062,-1.77424,-4.52649,0,9333.03117,-5.00373,6.4406,-8.27413
HD_183579_b,20.4,-7.26115,-16.87309,-0.0,-0.00177,0.00076,-0.12412,2,4900.278378888889,-1.541411111111111,-1.2792355555555557,5.582717777777777
HD_185283_b,413.17693,-1.32866,-2.78379,0.59949,-0.28285,-0.76921,-4.19876,2,4900.278378888889,-1.541411111111111,-1.2792355555555557,5.582717777777777
HD_18599_b,24.1,-2.46969,0.02081,40.78918,-0.02262,0.02214,-0.00138,2,4900.278378888889,-1.541411111111111,-1.2792355555555557,5.582717777777777
HD_188641_b,9333.03117,-1.0754,-1.45704,-0.48382,-5.00373,6.4406,-8.27413,0,9333.03117,-5.00373,6.4406,-8.27413
HD_189733_b,359.1479,8.25879,9.26091,33.30065,-0.01405,-0.02581,0.01066,4,8171.52726,-8.004125,-11.006879999999999,-5.38135
HD_190228_b,1598.67689,3.92438,6.4574,-0.95239,-0.0108,0.16123,1.04867,3,3739.7065624324323,-0.15130081081081065,0.4881935135135135,0.38931972972972967
HD_190360_b,572.09113,1.409,0.96036,4.20054,-1.10139,-2.16033,0.86335,4,8171.52726,-8.004125,-11.006879999999999,-5.38135
HD_190984_b,1137.8257,-0.27873,-3.79971,3.41938,-1.48272,-1.1712,-1.42234,3,3739.7065624324323,-0.15130081081081065,0.4881935135135135,0.38931972972972967
HD_191806_b,2966.61035,1.00904,-1.88621,4.1903,-1.23387,-1.71278,-0.47386,0,9333.03117,-5.00373,6.4406,-8.27413
HD_191939_b,10.0,1.69615,1.28901,22.75751,-0.04095,-0.06593,0.00679,4,8171.52726,-8.004125,-11.006879999999999,-5.38135
HD_191939_c,8.0,-8.23505,-13.16736,0.0,-0.00225,0.00141,-0.16922,4,8171.52726,-8.004125,-11.006879999999999,-5.38135
HD_191939_d,2.8,2.02877,3.01603,13.55752,-0.10542,-0.16944,0.05347,4,8171.52726,-8.004125,-11.006879999999999,-5.38135
HD_191939_e,112.2,-4.25175,-6.51979,-6.52839,0.1286,0.21857,-0.30204,4,8171.52726,-8.004125,-11.006879999999999,-5.38135
HD_192310_b,16.9,0.85883,1.28153,-12.56421,0.15383,0.22955,0.03393,4,8171.52726,-8.004125,-11.006879999999999,-5.38135
HD_192310_c,24.0,4.21585,6.2908,-2.75628,0.15278,0.22798,0.75401,4,8171.52726,-8.004125,-11.006879999999999,-5.38135
HD_194490_b,3561.90296,-1.46376,-1.92023,-0.3193,-2.98119,3.43234,-6.97509,0,9333.03117,-5.00373,6.4406,-8.27413
HD_196050_b,1493.79351,-2.99551,1.83852,-3.16118,1.07046,1.82923,0.04951,0,9333.03117,-5.00373,6.4406,-8.27413
HD_196067_b,3972.85509,-1.85708,4.78687,-3.46887,1.30015,0.93371,0.59243,3,3739.7065624324323,-0.15130081081081065,0.4881935135135135,0.38931972972972967
HD_202206_c,5689.157,0.10844,-5.05926,0.11777,-1.8628,-0.0457,-0.24804,0,9333.03117,-5.00373,6.4406,-8.27413
HD_202696_b,634.38868,-1.41518,-1.22048,-4.71998,1.09049,0.94046,-0.57014,4,8171.52726,-8.004125,-11.006879999999999,-5.38135
HD_202696_c,592.43512,2.18882,1.88767,-3.07793,1.25666,1.08376,1.55832,4,8171.52726,-8.004125,-11.006879999999999,-5.38135
HD_202772_A_b,323.23311,21.31081,18.6567,-3.962,0.00839,0.00091,0.04939,4,8171.52726,-8.004125,-11.006879999999999,-5.38135
HD_203387_c,2378.94563,1.20807,3.20467,0.08011,-3.53255,1.29464,1.48142,3,3739.7065624324323,-0.15130081081081065,0.4881935135135135,0.38931972972972967
HD_204313_b,1466.7781,-2.67305,-2.61198,1.08715,-1.15809,0.09449,-2.62044,2,4900.278378888889,-1.541411111111111,-1.2792355555555557,5.582717777777777
HD_204313_e,4868.17771,1.03915,-2.79156,-0.08732,5.20701,1.94902,-0.34277,3,3739.7065624324323,-0.15130081081081065,0.4881935135135135,0.38931972972972967
HD_206893_b,8899.1954,1.4293,-1.33356,-1.27669,5.51592,6.13842,-0.23659,3,3739.7065624324323,-0.15130081081081065,0.4881935135135135,0.38931972972972967
HD_206893_c,4036.42077,-0.34059,4.85393,1.74656,-1.91044,-0.39622,0.72861,3,3739.7065624324323,-0.15130081081081065,0.4881935135135135,0.38931972972972967
HD_207496_b,6.1,22.90682,13.49413,17.25966,-0.02207,-0.01441,0.04056,4,8171.52726,-8.004125,-11.006879999999999,-5.38135
HD_207897_b,14.8,15.08288,10.4847,0.0,0.00145,-0.00208,0.11697,4,8171.52726,-8.004125,-11.006879999999999,-5.38135
HD_20794_b,2.7,-0.0,-0.0,18.08532,-0.07758,0.09246,0.0,2,4900.278378888889,-1.541411111111111,-1.2792355555555557,5.582717777777777
HD_20794_c,2.4,-0.0,-0.0,13.92486,-0.13087,0.15597,0.0,2,4900.278378888889,-1.541411111111111,-1.2792355555555557,5.582717777777777
HD_20794_d,4.8,-0.0,-0.0,10.62204,-0.22491,0.26804,0.0,2,4900.278378888889,-1.541411111111111,-1.2792355555555557,5.582717777777777
HD_209458_b,232.0159,0.81199,-1.45019,28.91288,-0.04107,-0.023,0.0,4,8171.52726,-8.004125,-11.006879999999999,-5.38135
HD_213240_b,1655.886,-3.68093,1.62456,-5.91196,0.84687,0.59309,-0.36431,3,3739.7065624324323,-0.15130081081081065,0.4881935135135135,0.38931972972972967
HD_214823_b,5914.78665,3.42656,0.84894,-2.29672,1.21855,0.82665,2.12355,3,3739.7065624324323,-0.15130081081081065,0.4881935135135135,0.38931972972972967
HD_215497_c,111.23994,5.80655,1.92565,6.7942,-0.48974,-0.16241,0.46458,3,3739.7065624324323,-0.15130081081081065,0.4881935135135135,0.38931972972972967
HD_216437_b,1334.87931,3.34613,4.06261,1.20943,-1.31547,0.82994,0.85166,3,3739.7065624324323,-0.15130081081081065,0.4881935135135135,0.38931972972972967
HD_217786_b,4402.55909,5.17793,1.74846,-0.91785,0.43674,-0.47631,1.55647,3,3739.7065624324323,-0.15130081081081065,0.4881935135135135,0.38931972972972967
HD_217958_b,166.54209,-3.50096,-0.89247,-1.15559,0.95551,0.16219,-3.02005,4,8171.52726,-8.004125,-11.006879999999999,-5.38135
HD_219077_b,3057.50928,5.87208,1.20346,3.84209,-0.72892,-0.1442,1.15922,3,3739.7065624324323,-0.15130081081081065,0.4881935135135135,0.38931972972972967
HD_219134_b,4.74,0.55868,-2.69652,31.79547,-0.03795,-0.00786,0.0,4,8171.52726,-8.004125,-11.006879999999999,-5.38135
HD_219134_c,4.36,24.16223,4.55941,8.93812,-0.01996,-0.00691,0.05749,4,8171.52726,-8.004125,-11.006879999999999,-5.38135
HD_219828_c,5102.41725,5.27993,-2.60262,-5.67614,0.79402,0.50601,0.50658,3,3739.7065624324323,-0.15130081081081065,0.4881935135135135,0.38931972972972967
HD_220689_b,381.39409,3.20469,0.96868,-1.32051,1.38231,-0.75675,2.79954,4,8171.52726,-8.004125,-11.006879999999999,-5.38135
HD_221416_b,60.5,-19.25224,-1.94487,-5.53208,0.02879,0.01133,-0.10418,4,8171.52726,-8.004125,-11.006879999999999,-5.38135
HD_221420_b,6992.22495,-1.96061,0.97215,-0.43093,4.13291,7.76152,-1.29402,0,9333.03117,-5.00373,6.4406,-8.27413
HD_222155_b,581.62598,0.82664,1.25878,-2.88769,4.1557,-0.04405,1.17043,4,8171.52726,-8.004125,-11.006879999999999,-5.38135
HD_224538_b,2075.73733,3.08767,0.13517,6.10493,-1.11058,0.00553,0.56157,3,3739.7065624324323,-0.15130081081081065,0.4881935135135135,0.38931972972972967
HD_23472_b,8.32,10.38422,-14.82323,-8.05634,0.02335,-0.03717,0.09849,2,4900.278378888889,-1.541411111111111,-1.2792355555555557,5.582717777777777
HD_23472_c,3.41,0.11189,-0.62184,16.48325,-0.08746,0.12692,0.00538,2,4900.278378888889,-1.541411111111111,-1.2792355555555557,5.582717777777777
HD_23472_d,0.55,5.09243,-9.34299,30.71773,-0.0218,0.03087,0.01301,2,4900.278378888889,-1.541411111111111,-1.2792355555555557,5.582717777777777
HD_23472_e,0.72,10.18553,-15.55879,17.94828,-0.0258,0.03557,0.04548,2,4900.278378888889,-1.541411111111111,-1.2792355555555557,5.582717777777777
HD_23472_f,0.77,0.50333,-1.54963,22.33126,-0.04775,0.06917,0.00588,2,4900.278378888889,-1.541411111111111,-1.2792355555555557,5.582717777777777
HD_235088_b,4.2,12.00674,20.29463,0.0,0.00133,-0.00079,0.07098,4,8171.52726,-8.004125,-11.006879999999999,-5.38135
HD_23596_b,3786.60764,-1.57387,4.85756,-0.30395,1.45682,0.39636,-1.20916,0,9333.03117,-5.00373,6.4406,-8.27413
HD_25015_b,2884.92845,0.96943,-3.45158,0.06703,-3.37164,-0.90458,2.18335,0,9333.03117,-5.00373,6.4406,-8.27413
HD_25912_c,5252.75008,0.57393,-1.08973,0.96579,-5.42109,8.9494,13.31944,1,1102.6302929666667,-0.025847466666666624,0.05452856666666667,-0.016709300000000066
HD_260655_b,2.14,-6.10826,-31.41964,20.75458,0.0014,0.01533,0.02361,4,8171.52726,-8.004125,-11.006879999999999,-5.38135
HD_260655_c,3.09,1.00913,12.66027,27.1233,0.00742,0.04074,-0.01929,4,8171.52726,-8.004125,-11.006879999999999,-5.38135
HD_26161_b,9045.39646,-3.88991,-3.34586,8.37339,-0.37337,0.68524,0.10036,3,3739.7065624324323,-0.15130081081081065,0.4881935135135135,0.38931972972972967
HD_2685_b,371.8611,-2.12983,0.65301,-28.79655,0.05107,-0.00652,-0.00392,2,4900.278378888889,-1.541411111111111,-1.2792355555555557,5.582717777777777
HD_27631_b,495.81231,1.93379,-2.84375,-2.08527,0.02628,-1.63509,2.25418,2,4900.278378888889,-1.541411111111111,-1.2792355555555557,5.582717777777777
HD_27894_d,2063.65985,-0.05539,1.81649,3.42747,-1.58747,2.76807,-1.49268,2,4900.278378888889,-1.541411111111111,-1.2792355555555557,5.582717777777777
HD_28185_c,6241.83209,0.93796,-1.63698,-0.5039,-4.33346,-5.35408,9.32718,1,1102.6302929666667,-0.025847466666666624,0.05452856666666667,-0.016709300000000066
HD_28254_b,1207.74795,4.49172,24.53356,2.52205,-0.11453,0.02465,-0.03579,3,3739.7065624324323,-0.15130081081081065,0.4881935135135135,0.38931972972972967
HD_29021_b,1420.69298,5.57815,1.09823,-3.79137,0.24218,-1.20946,0.00597,0,9333.03117,-5.00373,6.4406,-8.27413
HD_29985_b,1739.47487,0.59374,-2.16289,0.01824,-5.80515,-1.52726,7.86657,1,1102.6302929666667,-0.025847466666666624,0.05452856666666667,-0.016709300000000066
HD_30177_b,2670.7121,0.29582,-1.72872,3.68739,-0.95443,2.40891,1.20591,2,4900.278378888889,-1.541411111111111,-1.2792355555555557,5.582717777777777
HD_30177_c,1954.6447,0.24532,-1.343,-1.51562,3.30783,-6.6781,6.45292,2,4900.278378888889,-1.541411111111111,-1.2792355555555557,5.582717777777777
HD_30562_b,467.20776,2.14478,-10.72439,2.02704,-0.25482,0.04328,0.49859,3,3739.7065624324323,-0.15130081081081065,0.4881935135135135,0.38931972972972967
HD_3167_c,11.13,0.5755,0.10709,-15.8216,0.16489,-0.02542,0.00583,2,4900.278378888889,-1.541411111111111,-1.2792355555555557,5.582717777777777
HD_32963_b,657.9048,1.27009,-3.40331,-0.35268,-2.78333,-1.14259,1.00236,2,4900.278378888889,-1.541411111111111,-1.2792355555555557,5.582717777777777
HD_331093_b,476.74261,-9.98662,2.56556,-0.06454,0.1469,0.57183,0.00094,0,9333.03117,-5.00373,6.4406,-8.27413
HD_332231_b,74.1,0.41828,0.40637,16.49014,-0.08666,-0.11614,0.00506,4,8171.52726,-8.004125,-11.006879999999999,-5.38135
HD_38529_c,3299.05886,1.29377,-1.75389,4.59091,0.07722,1.94354,0.72074,3,3739.7065624324323,-0.15130081081081065,0.4881935135135135,0.38931972972972967
HD_39091_b,3917.23512,-4.04007,3.26725,5.2622,0.24905,1.06051,-0.46725,0,9333.03117,-5.00373,6.4406,-8.27413
HD_42813_b,5.9,-1.0105,-18.91755,0.0,-0.00134,7e-05,0.10999,2,4900.278378888889,-1.541411111111111,-1.2792355555555557,5.582717777777777
HD_43197_c,2500.67391,-2.33066,-0.76789,0.46893,-2.18638,6.91571,0.45804,0,9333.03117,-5.00373,6.4406,-8.27413
HD_44219_b,184.34048,-0.43776,-4.94395,-7.08831,-0.05371,-0.60658,0.4264,2,4900.278378888889,-1.541411111111111,-1.2792355555555557,5.582717777777777
HD_457_b,8445.33643,-2.60787,0.80918,-1.33629,3.42555,2.52537,-5.15599,0,9333.03117,-5.00373,6.4406,-8.27413
HD_50554_b,1859.29618,-3.45268,0.29152,6.2018,0.21,1.15351,0.06269,3,3739.7065624324323,-0.15130081081081065,0.4881935135135135,0.38931972972972967
HD_5278_b,7.8,13.59131,-2.84379,-13.88338,0.07611,-0.01796,0.07819,2,4900.278378888889,-1.541411111111111,-1.2792355555555557,5.582717777777777
HD_55696_b,1357.1273,1.73046,-6.46245,-5.19561,-0.51711,-0.56985,0.53657,3,3739.7065624324323,-0.15130081081081065,0.4881935135135135,0.38931972972972967
HD_56957_b,1880.90851,2.40843,-2.18111,0.44698,3.06625,3.48869,0.50199,3,3739.7065624324323,-0.15130081081081065,0.4881935135135135,0.38931972972972967
HD_62364_b,5965.6392,3.57416,-1.18641,3.47369,0.73124,2.30342,0.03433,3,3739.7065624324323,-0.15130081081081065,0.4881935135135135,0.38931972972972967
HD_62364_c,7923.46219,-1.06659,-2.67142,0.25153,-5.93168,2.85864,5.20822,1,1102.6302929666667,-0.025847466666666624,0.05452856666666667,-0.016709300000000066
HD_62549_b,2707.5802,-1.61091,-1.3099,-0.44667,5.82026,-7.91028,2.2069,3,3739.7065624324323,-0.15130081081081065,0.4881935135135135,0.38931972972972967
HD_63433_b,37.3,-10.80435,-20.77444,0.0,-0.00069,0.00036,0.072,4,8171.52726,-8.004125,-11.006879999999999,-5.38135
HD_63433_c,17.2,-7.58701,-14.58895,0.0,-0.00193,0.001,0.14598,4,8171.52726,-8.004125,-11.006879999999999,-5.38135
HD_63935_b,10.5,-10.21072,-19.27135,0.0,-0.00193,0.00102,0.08297,4,8171.52726,-8.004125,-11.006879999999999,-5.38135
HD_63935_c,11.1,-7.64579,-14.43218,0.0,-0.00401,0.00213,0.14793,4,8171.52726,-8.004125,-11.006879999999999,-5.38135
HD_66428_b,3478.94974,5.43886,-0.35904,-1.62023,-0.13337,-1.79027,-0.05098,0,9333.03117,-5.00373,6.4406,-8.27413
HD_66428_c,560.64931,0.3312,0.87112,-2.34914,-3.7201,-5.87487,-2.70305,2,4900.278378888889,-1.541411111111111,-1.2792355555555557,5.582717777777777
HD_68402_b,2510.84442,-4.11213,-0.45559,1.45341,-0.15577,2.09768,0.21682,0,9333.03117,-5.00373,6.4406,-8.27413
HD_69123_b,982.08978,1.81738,4.12215,1.75298,0.94871,0.32289,-1.74284,4,8171.52726,-8.004125,-11.006879999999999,-5.38135
HD_70642_b,1239.53079,1.2047,3.93502,0.10167,2.27959,-0.66268,-1.36286,0,9333.03117,-5.00373,6.4406,-8.27413
HD_72659_b,949.67128,2.39363,2.83781,-0.67464,0.19018,-0.95595,-3.34635,2,4900.278378888889,-1.541411111111111,-1.2792355555555557,5.582717777777777
HD_72659_c,5977.08102,0.75394,1.67772,-0.10605,11.16294,-5.20882,-3.04318,0,9333.03117,-5.00373,6.4406,-8.27413
HD_73256_c,5085.25451,-0.33889,3.65909,0.91816,2.83447,0.5988,-1.34018,0,9333.03117,-5.00373,6.4406,-8.27413
HD_73267_b,1321.53052,0.09576,4.74334,-2.7773,-1.25899,-0.51767,-0.92754,2,4900.278378888889,-1.541411111111111,-1.2792355555555557,5.582717777777777
HD_73267_c,1630.77756,-1.13941,-1.36591,-0.74529,-2.54903,-3.68702,10.65427,1,1102.6302929666667,-0.025847466666666624,0.05452856666666667,-0.016709300000000066
HD_73344_b,10.48,-4.61207,-6.40258,-16.05424,-0.07429,-0.08663,0.05589,2,4900.278378888889,-1.541411111111111,-1.2792355555555557,5.582717777777777
HD_73583_b,10.2,17.18546,21.01855,6.76633,0.00966,0.00927,-0.05331,4,8171.52726,-8.004125,-11.006879999999999,-5.38135
HD_73583_c,9.7,8.13579,9.91434,14.44496,0.05485,0.06552,-0.07586,4,8171.52726,-8.004125,-11.006879999999999,-5.38135
HD_74156_c,2753.98315,2.96503,3.8617,0.14212,-0.87837,0.74729,-1.98003,3,3739.7065624324323,-0.15130081081081065,0.4881935135135135,0.38931972972972967
HD_7449_b,2597.9294,7.20741,7.77257,1.42681,-0.43936,0.41388,-0.03519,3,3739.7065624324323,-0.15130081081081065,0.4881935135135135,0.38931972972972967
HD_75302_b,1716.2734,-0.65597,3.88564,1.20204,2.85146,0.86863,-1.25177,0,9333.03117,-5.00373,6.4406,-8.27413
HD_77946_b,10.9,-4.10678,-2.35687,28.41882,0.04117,0.03921,0.0092,4,8171.52726,-8.004125,-11.006879999999999,-5.38135
HD_80606_b,1392.0954,32.16077,26.76901,25.16943,0.01295,0.01018,-0.02738,3,3739.7065624324323,-0.15130081081081065,0.4881935135135135,0.38931972972972967
HD_80869_b,1609.80088,-13.51984,-11.97725,4.21856,0.05952,0.00765,0.21247,3,3739.7065624324323,-0.15130081081081065,0.4881935135135135,0.38931972972972967
HD_80883_b,1748.05624,0.22907,2.78695,-1.18402,-4.43818,-0.70422,-2.51622,2,4900.278378888889,-1.541411111111111,-1.2792355555555557,5.582717777777777
HD_80913_b,7505.2,-0.7922,-2.63448,-0.12236,-6.09419,1.71274,2.57943,1,1102.6302929666667,-0.025847466666666624,0.05452856666666667,-0.016709300000000066
HD_81040_b,2151.06266,-6.43372,-5.18757,1.22145,0.08825,0.09564,0.87102,3,3739.7065624324323,-0.15130081081081065,0.4881935135135135,0.38931972972972967
HD_81817_b,7668.5638,2.93682,1.93251,1.57321,0.81907,0.91219,-2.64952,0,9333.03117,-5.00373,6.4406,-8.27413
HD_82943_b,534.25,4.70476,3.45455,3.49328,0.41038,0.30133,-0.85069,2,4900.278378888889,-1.541411111111111,-1.2792355555555557,5.582717777777777
HD_82943_c,622.603,-7.67097,-5.63254,-4.89096,-0.17358,-0.12746,0.41903,2,4900.278378888889,-1.541411111111111,-1.2792355555555557,5.582717777777777
HD_86065_b,2877.30057,0.27935,-1.78488,-0.77467,-11.36503,-3.41822,3.77744,1,1102.6302929666667,-0.025847466666666624,0.05452856666666667,-0.016709300000000066
HD_86226_c,7.25,8.17136,2.77216,-29.35774,-0.03698,-0.02305,-0.01247,2,4900.278378888889,-1.541411111111111,-1.2792355555555557,5.582717777777777
HD_86264_b,3117.26102,7.72241,3.99475,8.35244,0.28344,0.19498,-0.35532,3,3739.7065624324323,-0.15130081081081065,0.4881935135135135,0.38931972972972967
HD_8673_b,4210.59074,-4.84843,2.67979,7.38114,-0.61563,0.1953,-0.47529,3,3739.7065624324323,-0.15130081081081065,0.4881935135135135,0.38931972972972967
HD_87883_b,1719.13385,2.7391,6.93307,1.07222,1.03353,-0.33384,-0.48165,0,9333.03117,-5.00373,6.4406,-8.27413
HD_88072_b,2511.7979,0.71986,1.83659,0.01535,-10.73448,4.22504,-2.10981,1,1102.6302929666667,-0.025847466666666624,0.05452856666666667,-0.016709300000000066
HD_88133_b,324.1866,-27.72789,-8.75571,5.60536,-0.01224,0.04402,0.00819,4,8171.52726,-8.004125,-11.006879999999999,-5.38135
HD_88986_b,17.2,7.66568,3.73152,6.19424,0.23338,0.11255,-0.35661,2,4900.278378888889,-1.541411111111111,-1.2792355555555557,5.582717777777777
HD_89307_b,642.01338,-1.4912,0.68138,3.92701,2.18333,1.3093,0.60189,4,8171.52726,-8.004125,-11.006879999999999,-5.38135
HD_89345_b,34.9613,4.4037,3.34997,23.42301,0.0736,0.03387,-0.01868,4,8171.52726,-8.004125,-11.006879999999999,-5.38135
HD_89839_b,1592.32032,0.17084,-2.40457,-2.50907,-3.55037,-1.22676,0.93392,2,4900.278378888889,-1.541411111111111,-1.2792355555555557,5.582717777777777
HD_93351_c,4154.01728,-2.02535,-0.42228,0.3536,-1.67796,9.61508,1.87157,0,9333.03117,-5.00373,6.4406,-8.27413
