x,y,z,vx,vy,vz
-0.0244206699092709,-0.0149017154440262,0.043440989629815,23.316834459955825,3.972543619861771,14.47044456502021
-0.0238680209942409,-0.0148067188068722,0.0437793784654522,23.47887736779707,4.072246966054206,14.177701361477748
-0.0233116342194556,-0.0147094043668606,0.044110916718007,23.637150019773863,4.171296100149958,13.882683060912113
-0.0227515943681995,-0.0146097869377183,0.0444355537839364,23.791626401973243,4.26967472746277,13.58543823386004
-0.0221879867604608,-0.0145078816705677,0.0447532400683937,23.942281147803996,4.367366667895994,13.286015829107436
-0.0216208972415341,-0.0144037040519182,0.0450639269919383,24.089089542565187,4.464355858871615,12.984465164791908
-0.0210504121705643,-0.0142972699016212,0.0453675669971377,24.2320275278828,4.560626358235284,12.68083591943176
-0.0204766184090326,-0.0141885953707888,0.0456641135550588,24.371071706013574,4.656162347136711,12.375178122883645
-0.0198996033091845,-0.0140776969396757,0.0459535211716509,24.506199344015027,4.750948132884705,12.067542147230936
-0.0193194547024002,-0.0139645914155246,0.0462357453940186,24.63738837778068,4.84496815177624,11.75797869760506
-0.0187362608875092,-0.0138492959303758,0.0465107428165832,24.76461741593959,4.938206971898836,11.446538802941904
-0.0181501106190479,-0.0137318279388397,0.0467784710871347,24.887865743619425,5.030649295905663,11.133273806675575
-0.0175610930954624,-0.013612205215834,0.0470388889127717,25.00711332607212,5.122279963762697,10.818235357371686
-0.0169692979472559,-0.013490445854284,0.0472919560657292,25.12234081216133,5.213083955467269,10.501475399302349
-0.0163748152250814,-0.0133665682627877,0.047537633389095,25.233529537711064,5.303046393737442,10.18304616296528
-0.0157777353877806,-0.0132405911632435,0.0477758828024127,25.340661528714715,5.392152546671558,9.86300015554912
-0.0151781492903697,-0.0131125335884437,0.0480066673071715,25.44371950440373,5.480387830377348,9.541390151347322
-0.0145761481719719,-0.0129824148796308,0.0482299509921822,25.542686880175463,5.567737811570028,9.218269182122905
-0.0139718236436974,-0.0128502546840184,0.0484456990388389,25.63754777037951,5.654188210138788,8.893690527426347
-0.0133652676764723,-0.0127160729522763,0.0486538777262661,25.728286990962047,5.7397249016810745,8.56770770486896
-0.0127565725888152,-0.0125798899359799,0.048854454436349,25.814890061967592,5.824333920004127,8.24037446035403
-0.0121458310345641,-0.0124417261850238,0.0490473976586498,25.89734320989785,5.908001459593194,7.911744758268122
-0.0115331359905524,-0.012301602545,0.0492326769952053,25.975633369927056,5.990713878045868,7.581872771634802
-0.010918580744236,-0.0121595401545401,0.0494102631652081,26.04974818797365,6.072457698472046,7.250812872233236
-0.0103022588812701,-0.0120155604426221,0.0495801280095705,26.119676022627743,6.153219611858925,6.918619620683925
-0.0096842642730394,-0.011869685125842,0.0497422444953681,26.18540594693419,6.232986479400568,6.585347756503998
-0.0090646910641385,-0.0117219362056498,0.0498965867201659,26.24692775003104,6.31174533479151,6.251052188134412
-0.0084436336598064,-0.0115723359655494,0.0500431299162233,26.304231938643063,6.3894833864839145,5.915787982941444
-0.0078211867133135,-0.0114209069682642,0.0501818504545792,26.35730973843024,6.466188019907789,5.579610357194841
-0.007197445113303,-0.0112676720528667,0.0503127258490152,26.40615309519113,6.541846799653812,5.242574666025035
-0.0065725039710862,-0.0111126543318727,0.0504357347598971,26.45075467592092,6.616447471618272,4.904736393361739
-0.0059464586078939,-0.0109558771883011,0.0505508569978934,26.4911078697242,6.6899779651097,4.5661511418564045
-0.0053194045420823,-0.0107973642726971,0.0506580735275708,26.527206788582493,6.762426394916756,4.226874622790859
-0.0046914374762968,-0.0106371395001216,0.0507573664708647,26.55904626797645,6.833781063336924,3.88696264597452
-0.0040626532845913,-0.0104752270471047,0.0508487191104246,26.586621867362894,6.9040304621656245,3.5464711096325523
-0.0034331479995067,-0.0103116513485644,0.0509321158928348,26.609929870506857,6.973163274645322,3.2054559902874376
-0.0028030177991069,-0.01014643709469,0.0510075424317067,26.628967285668665,7.041168377374261,2.8639733326361694
-0.0021723589939746,-0.009979609227791,0.051074985510645,26.64373184564644,7.108034842174448,2.522079239425637
-0.0015412680141661,-0.0098111929391104,0.0511344330860851,26.65422200767402,7.173751937918484,2.179829861328394
-0.0009098413961277,-0.0096412136656041,0.051185874290001,26.660436953174887,7.2383091323149555,1.837281386821336
-0.0002781757695729,-0.0094696970866845,0.0512292994324836,26.66237658737224,7.301696093652003,1.4944900320694663
0.0003536321556782,-0.0092966691209296,0.0512647000041884,26.66004153875553,7.363902692498728,1.1515120308173044
0.0009854856028969,-0.0091221559227583,0.0512920686786502,26.653433158404106,7.424919003364184,0.8084036242900803
0.0016172877416793,-0.0089461838790694,0.0513113993144668,26.64255351916816,7.484735306313591,0.4652210511071977
0.0022489417012162,-0.0087687796058476,0.0513226869573478,26.627405414707653,7.543342088541527,0.1220205372102128
0.002880350583597,-0.0085899699447342,0.0513259278420296,26.60799235838964,7.600730045901794,-0.2211417141923417
0.0035114174771476,-0.0084097819595634,0.0513211193940547,26.5843185820446,7.656890084393734,-0.5642095326609832
0.0041420454698013,-0.0082282429328648,0.0513082602314149,26.55638903458238,7.711813321604688,-0.907126790539848
0.0047721376625013,-0.0080453803623308,0.0512873501660569,26.5242093804684,7.765491088108445,-1.2498374129475558
0.0054015971826346,-0.0078612219572507,0.0512583902052502,26.4877859980608,7.817914928819383,-1.592285387742098
0.0060303271974964,-0.0076757956349098,0.0512213825528148,26.44712597780923,7.86907660430215,-1.9344147754574628
0.0066582309277824,-0.0074891295169557,0.0511763306102102,26.40223712031608,7.918968092036657,-2.276169719209843
0.0072852116611108,-0.0073012519257296,0.0511232389774815,26.353127934260947,7.967581587638223,-2.6174944545711205
0.0079111727655703,-0.0071121913805643,0.0510621134540652,26.2998076341891,8.014909506032694,-2.9583333194074566
0.0085360177032947,-0.006921976594049,0.0509929610394504,26.24228613816491,8.060944482586377,-3.298630763680849
0.0091596500440628,-0.0067306364682594,0.0509157899336962,26.180574065291108,8.105679374190691,-3.6383313592114135
0.0097819734789215,-0.0065382000909556,0.050830609537805,26.11468273309477,8.149107260301333,-3.977379809398304
0.0104028918338325,-0.006344696731746,0.050737430453948,26.0446241547811,8.19122144393191,-4.315720958897088
0.0110223090833402,-0.0061501558382185,0.0506362644855451,25.97041103635593,8.232015452601933,-4.653299803251533
0.0116401293642603,-0.0059546070320381,0.0505271246371955,25.89205677361801,8.27148303923903,-4.990061498477656
0.0122562569893882,-0.0057580801050123,0.0504100251144598,25.80957544902225,8.309618183035395,-5.325951370597997
0.0128705964612242,-0.0055606050151236,0.0502849813234912,25.72298182841487,8.346415090258326,-5.660914925124092
0.0134830524857173,-0.0053622118825292,0.0501520098705166,25.63229135764165,8.381868195014855,-5.994897856485073
0.0140935299860232,-0.0051629309855291,0.0500111285611643,25.537520159030656,8.41597215997046,-6.327846057400454
0.0147019341162774,-0.0049627927565007,0.0498623563996389,25.43868502775029,8.448721877021763,-6.659705628195114
0.0153081702753807,-0.0047618277778033,0.049705713587742,25.335803428044173,8.480112467923275,-6.990422886054477
0.0159121441207963,-0.0045600667776489,0.0495412215237373,25.228893489344124,8.510139284868206,-7.319944374218049
0.016513761582358,-0.0043575406259432,0.0493689028010598,25.11797400226227,8.53879791102326,-7.6482168711093745
0.0171129288760858,-0.0041542803300937,0.0491887812068667,25.003064414464,8.566084161017594,-7.975187399400495
0.0177095525180094,-0.003950317030788,0.0490008817204314,24.884184826422796,8.591994081385879,-8.300803235009193
0.0183035393379981,-0.0037456819977406,0.0488052305113762,24.76135598705846,8.61652395096554,-8.625011916027063
0.0188947964935937,-0.0035404066254087,0.0486018549377468,24.63459928926022,8.63967028124832,-8.94776125157672
0.0194832314838475,-0.0033345224286786,0.0483907835439231,24.50393676529593,8.661429816686137,-9.268999330596346
0.0200687521631571,-0.0031280610385214,0.0481720460583698,24.36939108210906,8.681799534951457,-9.588674530549842
0.0206512667551043,-0.0029210541976186,0.0479456733912217,24.230985536504885,8.700776647152185,-9.906735526060938
0.0212306838662892,-0.0027135337559592,0.0477116976317061,24.088744050227238,8.71835859800127,-10.223131297469507
0.0218069125001621,-0.0025055316664063,0.0474701520453991,23.94269116492765,8.734543065941141,-10.537811139308523
0.0223798620708485,-0.0022970799802356,0.0472210710713157,23.7928520370282,8.749327963223108,-10.850724668700018
0.0229494424169682,-0.0020882108426454,0.046964490318833,23.63925243247972,8.762711435941897,-11.161821833668462
0.0235155638154443,-0.0018789564882375,0.046700446564445,23.481918721416992,8.774691864025502,-11.471052921370038
0.0240781369953022,-0.001669349236471,0.0464289777483483,23.32087787271261,8.78526786118054,-11.77836856623632
0.0246370731514553,-0.0014594214870883,0.0461501229708579,23.156157448430992,8.794438274793263,-12.083719758030773
0.0251922839584767,-0.0012492057155138,0.0458639224886521,22.98778559818434,8.802202185786516,-12.387057849816845
0.0257436815843543,-0.0010387344682255,0.0455704177108456,22.815791053392235,8.808558908432778,-12.688334565835934
0.0262911787042273,-0.000828040358101,0.0452696511948903,22.64020312144648,8.813507990123574,-12.987502009294229
0.0268346885141029,-0.0006171560597364,0.0449616666423018,22.461051679782955,8.817049211095465,-13.284512670056644
0.0273741247445504,-0.0004061143047408,0.0446465088942131,22.27836716986229,8.819182584112903,-13.579319432247017
0.0279094016743706,-0.0001949478770046,0.0443242239267513,22.092180591060984,8.819908354108184,-13.87187558175286
0.0284404341442395,1.631039205672992e-05,0.0439948588462403,21.902523494474803,8.819226997778792,-14.162134813633733
0.028967137570323,0.0002276276282824,0.0436584618842255,21.709427976636253,8.817139223142414,-14.450051239431906
0.029489427957861,0.0004389709195711,0.043315082392322,21.512926673147906,8.813645969049935,-14.735579394384118
0.0300072219147187,0.0006503073207077,0.0429647708368842,21.31305275223337,8.808748404656704,-15.01867424453346
0.0305204366649034,0.0008616038582141,0.042607578793497,21.109839908207757,8.802447928852374,-15.299291193740032
0.0310289900620431,0.0010728275352215,0.0422435589412873,20.903322354869395,8.7947461696497,-15.577386090589602
0.0315328006028265,0.0012839453363652,0.0418727650570555,20.69353481881484,8.785644983532558,-15.852915235199006
0.032031787440401,0.0014949242326995,0.0414952520092265,20.480512532678706,8.775146454763583,-16.12583538591746
0.0325258703977263,0.0017057311866347,0.0411110757516191,20.264291228300504,8.763252894651758,-16.396103765922796
0.0330149699808821,0.0019163331568934,0.0407202933170342,20.044907129820174,8.749966840780333,-16.663678069711644
0.0334990073923263,0.0021266971034862,0.0403229628106595,19.822396946704195,8.735291056195424,-16.92851646948278
0.0339779045441032,0.0023367899927073,0.0399191434032932,19.59679786670421,8.719228528555696,-17.190577621412757
0.0344515840709965,0.0025465788021472,0.0395088953243823,19.368147548750063,8.70178246924351,-17.449820671823055
0.0349199693436274,0.0027560305257242,0.039092279854879,19.13648411577908,8.682956312437941,-17.706205263237887
0.0353829844814939,0.0029651121787326,0.0386693593199122,18.90184614750352,8.662753714150051,-17.959691540332077
0.0358405543659483,0.003173790802907,0.0382401970812744,18.66427267311812,8.641178551220868,-18.21024015576829
0.0362926046531121,0.0033820334715031,0.0378048575297241,18.42380316394963,8.618234920282445,-18.45781227592277
0.0367390617867238,0.0035898072943928,0.0373634060771035,18.180477526050208,8.593927136682494,-18.70236958649937
0.0371798530109184,0.0037970794231744,0.0369159091482705,17.93433609273662,8.568259733372939,-18.9438742980308
0.0376149063829352,0.0040038170562963,0.0364624341728452,17.68541961707712,8.541237459762938,-19.182289151267064
0.0380441507857515,0.0042099874441933,0.0360030495767711,17.43376926432802,8.512865280536744,-19.417577422450144
0.0384675159406399,0.0044155578944354,0.0355378247736905,17.179426604321684,8.483148374436894,-19.649702928474785
0.0388849324196456,0.0046204957768886,0.0350668301561336,16.922433603807914,8.452092133013155,-19.878630031934712
0.0392963316579822,0.0048247685288852,0.0345901370865229,16.66283261875083,8.419702159337794,-20.104323646054144
0.0397016459663415,0.0050283436604053,0.0341078178879901,16.40066638658275,8.38598426668748,-20.326749239503958
0.0401008085431171,0.0052311887592669,0.0336199458350092,16.135978018417344,8.35094447719249,-20.54587284110245
0.0404937534865362,0.0054332714963237,0.0331265951438421,15.86881099122369,8.314589020453518,-20.761661044400235
0.0408804158066992,0.005634559630672,0.0326278409628003,15.599209139963293,8.276924332126741,-20.974081012149124
0.0412607314375222,0.0058350210148623,0.0321237593623198,15.327216649691804,8.237957052477515,-21.18310048065472
0.0416346372485817,0.0060346236001185,0.0316144273248524,15.052878047627358,8.197694024903246,-21.388687764012595
0.0420020710568564,0.006233335441561,0.0310999227345713,14.776238195187494,8.156142294425978,-21.590811758227904
0.0423629716383655,0.0064311247034339,0.0305803243668926,14.49734227999633,8.113309106155134,-21.78944194521833
0.0427172787396988,0.0066279596643358,0.030055711877813,14.216235807863969,8.069201903720957,-21.984548396700205
0.0430649330894362,0.006823808722453,0.0295261657930636,13.932964594739907,8.023828327679183,-22.176101777957943
0.0434058764094546,0.007018640400793,0.0289917674970814,13.64757475864234,7.977196213887418,-22.364073351496643
0.043740051426118,0.00721242335242,0.0284525992217972,13.360112711565066,7.929313591853787,-22.5484349805779
0.0440674018813488,0.0074051263656881,0.0279087440352431,13.070625151363874,7.880188683058344,-22.729159132638998
0.0443878725435764,0.0075967183694748,0.0273602858299776,12.779159053624223,7.829829899247786,-22.90621888259543
0.0447014092185614,0.0077871684384104,0.0268073093113311,12.485761663511877,7.778245840704002,-23.079587916027062
0.0450079587600917,0.0079764457981052,0.0262498999854718,12.190480487608388,7.72544529448697,-23.249240532247853
0.0453074690805466,0.0081645198303716,0.0256881441472918,11.893363285733056,7.671437232652548,-23.41515164725959
0.0455998891613287,0.0083513600784408,0.025122128868117,11.59445806275322,7.61623081044569,-23.577296796589668
0.0458851690631571,0.0085369362521729,0.0245519419832385,11.293813060384482,7.55983536446963,-23.73565213801328
0.0461632599362221,0.0087212182332603,0.0239776720792694,10.991476748982594,7.502260410831526,-23.890194454160245
0.0464341140301958,0.0089041760804213,0.0233994084813259,10.687497819328808,7.443515643265193,-24.040901155006853
0.0466976847040977,0.009085780034585,0.0228172412400354,10.38192517441012,7.383610931231333,-24.187750280252946
0.0469539264360114,0.0092660005240652,0.0222312611183715,10.07480792119636,7.322556317995946,-24.33072050158482
0.0472027948326485,0.0094448081697224,0.0216415595783188,9.766195362415395,7.2603620186873,-24.4697911248241
0.0474442466387593,0.0096221737901132,0.0210482287673672,9.45613698832846,7.19703841833215,-24.604942091963217
0.0476782397463841,0.0097980684066257,0.0204513615048375,9.144682468506854,7.132596069871638,-24.73615398308788
0.047904733203945,0.0099724632485995,0.0198510512680411,8.831881643611768,7.067045692157432,-24.86340801818696
0.0481236872251732,0.0101453297584303,0.0192473921782731,8.517784517178816,7.000398167928695,-24.98668605885045
0.0483350631978705,0.0103166395966559,0.0186404789866422,8.20244124740861,6.9326645417703165,-25.10597060985585
0.0485388236925003,0.0104863646470256,0.0180304070597384,7.885902138965146,6.863856018053036,-25.22124482064365
0.0487349324706066,0.0106544770215479,0.0174172723651399,7.568217634783269,6.7939839588559305,-25.33249248668261
0.048923354493058,0.0108209490655191,0.0168011714567614,7.249438307886835,6.7230598818718175,-25.43969805072509
0.0491040559281126,0.0109857533625295,0.0161822014600458,6.929614853218904,6.651095458296085,-25.54284660395349
0.0492770041593024,0.0111488627394461,0.0155604600570003,6.608798079485483,6.578102510699494,-25.641923887018194
0.0494421677931332,0.0113102502713714,0.0149360454710806,6.2870389010141485,6.504093010885456,-25.73691629096768
0.0495995166665982,0.0114698892865772,0.0143090564519228,5.964388329628937,6.429079077732312,-25.82781085807169
0.0497490218545014,0.0116277533714109,0.0136795922599277,5.640897466542915,6.353072975021135,-25.91459528253801
0.0498906556765886,0.0117838163751748,0.0130477526506975,5.316617494269627,6.276087109249548,-25.997257911123626
0.0500243917044836,0.0119380524149758,0.012413637859329,4.991599668554892,6.198134027432093,-26.075787743641094
0.050150204768426,0.0120904358805452,0.0117773485845635,4.665895310330098,6.119226414887658,-26.150174433360807
0.050268070963808,0.0122409414390273,0.0111389859727983,4.339555797688267,6.039377093014415,-26.220408287310025
0.0503779676575087,0.0123895440397348,0.0104986516019598,4.012632557884218,5.958599017052841,-26.28648026646941
0.0504798734940214,0.0125362189188708,0.0098564474652424,3.685177059359887,5.876905273837264,-26.34838198586804
0.0505737684013729,0.0126809416042156,0.0092124759547147,3.3572408037961035,5.794309079536432,-26.40610571457746
0.050659633596831,0.0128236879197773,0.0085668398447969,3.0288753181918984,5.710823777383611,-26.45964437560601
0.0507374515923979,0.0129644339904047,0.0079196422756098,2.7001321469725306,5.626462835396676,-26.50899154569401
0.0508072062000885,0.0131031562463618,0.0072709867362015,2.3710628441272976,5.541239844088681,-26.554141455010782
0.0508688825369882,0.0132398314278619,0.0066209770476513,2.041718965378166,5.455168514169336,-26.595088986754483
0.0509224670300903,0.013374436589561,0.0059697173460554,1.7121520603803948,5.368262674237956,-26.631829676655556
0.0509679474209096,0.0135069491050087,0.0053173120653982,1.382413664956068,5.280536268468226,-26.664359712384726
0.0510053127698693,0.0136373466710548,0.0046638659203092,1.052555293361526,5.192003354285318,-26.69267593286669
0.0510345534604602,0.0137656073122124,0.0040094838887123,0.7226284305897592,5.102678100035778,-26.71677582750008
0.0510556612031687,0.0138917093849733,0.0033542711943676,0.3926845247086257,5.012574782650618,-26.73665753528497
0.0510686290391719,0.0140156315820777,0.0026983332893109,0.0627749792358814,4.9217077853020985,-26.752319843858743
0.0510734513437979,0.014137352936734,0.0020417758361924,-0.2670488544482046,4.830091595054562,-26.763762188441422
0.051070123829748,0.0142568528267898,0.0013847046905202,-0.5967356846496475,4.737740800509799,-26.770984650691197
0.0510586435500805,0.0143741109788517,0.0007272258828095,-0.9262342868701436,4.644670089447355,-26.773987957471384
0.0510390089009524,0.0144891074723527,6.944560064241688e-05,-1.2554935112763923,4.550894246460167,-26.772773479529768
0.0510112196241182,0.0146018227435666,-0.000588529829358,-1.5844622901283398,4.456428150585979,-26.767343230091203
0.0509752768091828,0.0147122375895677,-0.0012465939596369,-1.913089645165771,4.361286772934882,-26.757699863364564
0.0509311828956078,0.0148203331721348,-0.0019046402398957,-2.241324694952321,4.265485174313451,-26.74384667296509
0.0508789416744686,0.0149260910215982,-0.0025625620353556,-2.569116662176508,4.16903850284575,-26.725787590253084
0.0508185582899609,0.0150294930406285,-0.0032202526450925,-2.896414880908696,4.071961991591719,-26.703527182589895
0.0507500392406541,0.0151305215079668,-0.0038776053204407,-3.2231688038136403,3.974270956163225,-26.67707065151249
0.0506733923804918,0.0152291590820933,-0.0045345132834595,-3.549328009317912,3.875980792338159,-26.64642383082724
0.0505886269195358,0.0153253888048357,-0.0051908697454613,-3.8748422087314713,3.77710697367296,-26.6115931846242
0.0504957534244534,0.0154191941049136,-0.0058465679255951,-4.199661253322975,3.6776650491139153,-26.572585805212896
0.0503947838187458,0.0155105588014199,-0.006501501069483,-4.523735141348093,3.577670640607579,-26.529409410980552
0.0502857313827173,0.0155994671072368,-0.0071555624679047,-4.84701402503051,3.4771394407106047,-26.4820723441737
0.0501686107531824,0.015685903632386,-0.0078086454755267,-5.169448217494866,3.376087210199408,-26.43058356860441
0.0500434379229112,0.0157698533873115,-0.0084606435296713,-5.490988199651262,3.2745297756799308,-26.37495266728201
0.0499102302398111,0.0158513017860942,-0.0091114501691222,-5.811584627030974,3.172483027197788,-26.3151898399712
0.0497690064058435,0.0159302346495971,-0.0097609590529614,-6.131188336572695,3.069962915849195,-26.25130590067785
0.0496197864756751,0.0160066382085402,-0.0104090639794342,-6.449750353359103,2.966985451392912,-26.18331227506321
0.0494625918550628,0.0160804991065039,-0.0110556589048379,-6.767221897303201,2.863566699863522,-26.111220997787697
0.0492974452989707,0.01615180440286,-0.0117006379624284,-7.083554389784202,2.7597227811863165,-26.03504470978508
0.0491243709094192,0.0162205415756286,-0.0123438954813433,-7.3986994602325185,2.655469866794085,-25.954796655468293
0.0489433941330654,0.0162866985242618,-0.012985326005534,-7.712608952663445,2.550824177246092,-25.870490679867597
0.048754541758513,0.0163502635723505,-0.0136248243127045,-8.025234932159478,2.445801979849459,-25.782141225702237
0.0485578419133534,0.0164112254702555,-0.0142622854332518,-8.336529691300692,2.340419586283261,-25.68976333038643
0.0483533240609352,0.0164695733976613,-0.0148976046692029,-8.646445756543109,2.234693350225567,-25.59337262297079
0.0481410189968633,0.016525296966051,-0.0155306776131449,-8.954935894544686,2.1286396649836803,-25.492985321019965
0.0479209588452263,0.0165783862211023,-0.0161614001671432,-9.261953118438822,2.022274961127764,-25.388618227427475
0.0476931770545532,0.0166288316450036,-0.0167896685616428,-9.567450694054996,1.9156157041281747,-25.28028872716878
0.0474577083934976,0.0166766241586884,-0.0174153793743495,-9.8713821460865,1.8086783919966567,-25.1680147839934
0.047214588946251,0.0167217551239886,-0.0180384295490843,-10.173701264205032,1.7014795529316071,-25.051814937056903
0.0469638561076837,0.0167642163457045,-0.0186587164146085,-10.474362109121966,1.594035742967673,-24.93170829749389
0.0467055485782151,0.0168040000735915,-0.0192761377034142,-10.773319018596204,1.4863635436298452,-24.807714544932598
0.046439706358412,0.0168410990042625,-0.0198905915704741,-11.070526613388385,1.3784795595922612,-24.679853923952187
0.0461663707433162,0.0168755062830054,-0.0205019766119485,-11.365939803161565,1.2704004163418705,-24.548147240483534
0.0458855843165015,0.0169072155055141,-0.021110191883843,-11.659513792327976,1.1621427578471897,-24.412615858154144
0.0455973909438603,0.0169362207195339,-0.0217151369206128,-11.95120408584198,1.0537232442323217,-24.273281694578472
0.0453018357671207,0.0169625164264188,-0.0223167117537087,-12.240966494939164,0.94515854945635,-24.13016721759402
0.0449989651970951,0.0169860975826013,-0.0229148169300611,-12.52875714282135,0.8364653589983322,-23.983295441444213
0.0446888269066595,0.0170069596009739,-0.0235093535304951,-12.814532470287704,0.727660367548032,-23.83268992290893
0.0443714698234666,0.0170250983521802,-0.0241002231880751,-13.098249241311672,0.6187602767025328,-23.67837475738328
0.0440469441223915,0.0170405101658181,-0.0246873281063712,-13.37986454856401,0.5097817926688635,-23.52037457490549
0.0437153012177122,0.0170531918315504,-0.0252705710776446,-13.65933581888164,0.4007416239728038,-23.358714536134634
0.0433765937550258,0.0170631406001264,-0.025849855500947,-13.936620818682425,0.2916564791740083,-23.193420328278957
0.0430308756029012,0.0170703541843109,-0.0264250854001287,-14.211677659326057,0.1825430645875098,-23.02451816097544
0.0426782018442699,0.0170748307597216,-0.0269961654417512,-14.484464802420732,0.0734180820118139,-22.852034762121416
0.0423186287675563,0.0170765689655738,-0.0275630009528997,-14.754941065075991,-0.0357017735363658,-22.675997373658795
0.0419522138575482,0.0170755679053329,-0.0281254979388905,-15.023065625101484,-0.1447998160805732,-22.496433747311716
0.0415790157860108,0.0170718271472727,-0.0286835631008692,-15.288798026151971,-0.2538593709362333,-22.313372140278062
0.0411990944020432,0.0170653467249408,-0.0292371038532945,-15.552098182818408,-0.3628637769552607,-22.1268413108758
0.0408125107221816,0.0170561271375295,-0.0297860283413034,-15.812926385665232,-0.4717963887635856,-21.93687051414442
0.0404193269202496,0.0170441693501525,-0.0303302454579532,-16.071243306214022,-0.5806405789915435,-21.743489497402344
0.0400196063169578,0.0170294747940268,-0.0308696648613352,-16.327010001873425,-0.6893797404969734,-21.54672849576069
0.0396134133692545,0.0170120453665602,-0.0314041969915566,-16.580187920815632,-0.797997288580992,-21.346618227594192
0.0392008136594301,0.0169918834313427,-0.0319337530875854,-16.830738906799233,-0.9064766631963276,-21.143189889969623
0.0387818738839767,0.0169689918180433,-0.0324582452039532,-17.07862520393885,-1.0148013311482005,-20.936475154032355
0.0383566618422057,0.0169433738222109,-0.0329775862273135,-17.32380946142134,-1.1229547882875903,-20.726506160351587
0.037925246424625,0.0169150332049794,-0.0334916898928488,-17.566254738168787,-1.2309205616968812,-20.51331551422477
0.0374876976010787,0.0168839741926775,-0.0340004708005233,-17.805924507448466,-1.3386822118678383,-20.296936280941622
0.0370440864086524,0.0168502014763416,-0.0345038444311769,-18.04278266142969,-1.4462233348717826,-20.077401981008325
0.0365944849393447,0.0168137202111335,-0.0350017271624559,-18.276793515687736,-1.5535275645219702,-19.854746585332283
0.0361389663275096,0.016774536015662,-0.0354940362845763,-18.50792181365489,-1.660578574528082,-19.629004510368
0.0356776047370719,0.0167326549712081,-0.0359806900159151,-18.736132731018863,-1.767360080642813,-19.400210613224324
0.0352104753485173,0.0166880836208543,-0.036461607518426,-18.961391880068376,-1.8738558428004584,-19.16840018673359
0.034737654345662,0.0166408289685184,-0.0369367089128755,-19.18366531398625,-1.9800496672474728,-18.93360895448316
0.0342592189022031,0.0165908984778909,-0.0374059152938938,-19.402919531090056,-2.085925408664993,-18.695873065809494
0.0337752471680536,0.0165383000712771,-0.0378691487448389,-19.619121479020222,-2.191466972283199,-18.455229090755296
0.0332858182554654,0.0164830421283433,-0.038326332352468,-19.832238558875925,-2.296658315987553,-18.211714014990083
0.0327910122249424,0.016425133484768,-0.0387773902214129,-20.04223862929866,-2.401483452416809,-17.965365234694488
0.0322909100709484,0.0163645834307977,-0.0392222474884557,-20.24909001050368,-2.505926451052823,-17.71622055140854
0.0317855937074117,0.0163014017097079,-0.0396608303366011,-20.45276148825926,-2.609971440302052,-17.464318166844375
0.0312751459530311,0.0162355985161694,-0.0400930660089409,-20.65322231781391,-2.713602609568738,-17.209696677663626
0.0307596505163857,0.0161671844945205,-0.0405188828223075,-20.85044222777162,-2.816804211319777,-16.952395070219662
0.0302391919808525,0.016096170736945,-0.0409382101807135,-21.04439142391509,-2.9195605631411565,-16.69245271526515
0.0297138557893363,0.0160225687815567,-0.0413509785885717,-21.23504059297711,-3.021856049786001,-16.429909362625054
0.0291837282288129,0.0159463906103907,-0.0417571196636945,-21.42236090635992,-3.1236751252141235,-16.164805135835344
0.0286488964146934,0.0158676486473022,-0.0421565661500678,-21.606324023802863,-3.2250023146231253,-15.897180526747656
0.0281094482750091,0.0157863557557726,-0.0425492519303962,-21.78690209699809,-3.3258222164709266,-15.627076390100132
0.0275654725344239,0.0157025252366242,-0.0429351120384169,-21.96406777315441,-3.426119504489733,-15.354533938054727
0.0270170586980774,0.0156161708256432,-0.0433140826709781,-22.1377941985094,-3.525878929691422,-15.079594734700969
0.0264642970352615,0.0155273066911126,-0.0436861011998799,-22.3080550217895,-3.62508532236425,-14.802300690526572
0.0259072785629359,0.0154359474312543,-0.0440511061834731,-22.47482439761839,-3.723723594060898,-14.522694056855045
0.0253460950290865,0.0153421080715826,-0.0444090373780149,-22.638076989873312,-3.82177873957777,-14.240817420250382
0.0247808388959296,0.0152458040621676,-0.0447598357487772,-22.797787974989564,-3.919235838925563,-13.956713696889022
0.0242116033229675,0.0151470512748116,-0.0451034434809043,-22.95393304521288,-4.01608005929099,-13.6704261268993
0.0236384821498996,0.0150458660001374,-0.0454398039900191,-23.106488411799766,-4.112296656989652,-13.381998268668497
0.0230615698793917,0.0149422649445902,-0.0457688619325734,-23.25543080816576,-4.207870979410036,-13.091473993117544
0.0224809616597103,0.0148362652273528,-0.0460905632159403,-23.400737492981317,-4.302788466948536,-12.798897477943672
0.0218967532672238,0.0147278843771766,-0.0464048550082466,-23.542386253215465,-4.397034654935473,-12.504313201830977
0.0213090410887776,0.0146171403291276,-0.046711685747942,-23.680355407126925,-4.490595175552057,-12.207765938629128
0.0207179221039448,0.0145040514212487,-0.0470110051531035,-23.814623807202704,-4.583455759738261,-11.909300751500242
0.020123493867159,0.0143886363911398,-0.0473027642304727,-23.945170843043968,-4.675602239091493,-11.608962987034111
0.0195258544897337,0.014270914372456,-0.0475869152842228,-24.07197644419895,-4.767020547756027,-11.306798269331866
0.0189251026217708,0.0141509048913248,-0.047863411924455,-24.195021082942933,-4.857696724303177,-11.002852494058072
0.0183213374339658,0.014028627862683,-0.0481322090754211,-24.314285777004944,-4.947616913602056,-10.697171822461543
0.0177146585993116,0.0139041035865355,-0.0483932629834702,-24.42975209224108,-5.036767368680927,-10.389802675364816
0.0171051662747078,0.0137773527441359,-0.0486465312247188,-24.541402145254125,-5.125134452579007,-10.080791727122442
0.0164929610824782,0.0136483963940892,-0.048891972712442,-24.64921860595948,-5.212704640188716,-9.770185899548112
0.0158781440918027,0.01351725596838,-0.0491295477041841,-24.753184700096828,-5.299464520088214,-9.458032355810822
0.0152608168000675,0.0133839532683253,-0.0493592178085868,-24.85328421168765,-5.385400796364181,-9.144378494300112
0.014641081114139,0.0132485104604529,-0.0495809459919351,-24.94950148543805,-5.470500290424762,-8.829271942460368
0.0140190393315653,0.0131109500723083,-0.0497946965844168,-25.04182142908676,-5.554749942802544,-8.512760550594464
0.0133947941217105,0.0129712949881896,-0.050000435286098,-25.130229515697955,-5.63813681494748,-8.194892385636658
0.0127684485068275,0.0128295684448115,-0.0501981291726096,-25.214711785898658,-5.720648091009666,-7.875715724895025
0.0121401058430721,0.0126857940269013,-0.050387746700547,-25.295254850060324,-5.802271079611869,-7.555279049763224
0.0115098698014652,0.0125399956627258,-0.0505692577125802,-25.37184589042438,-5.882993215611675,-7.233631039402071
0.0108778443488069,0.0123921976195524,-0.0507426334422738,-25.444472663171208,-5.96280206185312,-6.9108205643907485
0.0102441337285469,0.0122424244990435,-0.0509078465186167,-25.513123500432368,-6.041685310907752,-6.586896680347792
0.0096088424416177,0.012090701232588,-0.05106487097026,-25.57778731224569,-6.119630786804935,-6.261908621522114
0.0089720752272337,0.0119370530765686,-0.0512136822294633,-25.638453588452627,-6.196626446751262,-5.935905794354004
0.0083339370436613,0.0117815056075683,-0.0513542571357485,-25.69511240053777,-6.27266038283898,-5.608937771006374
0.0076945330489665,0.0116240847175156,-0.0514865739392606,-25.74775440340992,-6.34772082374328,-5.281054282866227
0.007053968581742,0.0114648166087712,-0.051610612303836,-25.796370837124268,-6.421796136408247,-4.952305214016629
0.0064123491418215,0.0113037277891569,-0.0517263533097769,-25.84095352854541,-6.494874827721395,-4.622740594679307
0.0057697803709837,0.0111408450669277,-0.0518337794563324,-25.88149489295053,-6.566945546176582,-4.292410594627864
0.0051263680336518,0.0109761955456892,-0.0519328746638874,-25.917987935572512,-6.637997083525158,-3.9613655165720423
0.0044822179975943,0.0108098066192612,-0.0520236242758563,-25.95042625308226,-6.708018376415176,-3.629655789512983
0.0038374362146292,0.0106417059664887,-0.0521060150602854,-25.978804035009887,-6.776998508018469,-3.2973319620698094
0.003192128701339,0.0104719215460024,-0.0521800352111618,-26.00311606510431,-6.84492670964549,-2.964444695777566
0.0025464015197997,0.0103004815909299,-0.0522456743494298,-26.02335772263056,-6.911792362347616,-2.6310447583569485
0.0019003607583292,0.0101274146035579,-0.0523029235237155,-26.039524983604423,-6.977584998506822,-2.297183016955861
0.0012541125122592,0.0099527493499486,-0.0523517752107602,-26.05161442196384,-7.042294303412494,-1.9629104313630283
0.0006077628647359,0.0097765148545109,-0.0523922233155632,-26.059623210676463,-7.105910116825174,-1.628278047194066
-3.858213244638315e-05,0.0095987403945272,-0.0524242631712338,-26.06354912278293,-7.168422434527041,-1.2933369890500763
-0.0006848164779738,0.0094194554946386,-0.0524478915385554,-26.06339053237513,-7.229821409858904,-0.9581384536492183
-0.0013308342400995,0.0092386899212887,-0.0524631066052603,-26.059146415509023,-7.290097355243541,-0.6227337029313175
-0.0019765295756831,0.0090564736771287,-0.0524699079850181,-26.050816351051324,-7.34924074369507,-0.2871740571360542
-0.0026217967491787,0.0088728369953842,-0.0524682967161369,-26.03840052145951,-7.407242210314201,0.0484891121450708
-0.0032665301515677,0.0086878103341852,-0.0524582752599812,-26.02189971349456,-7.464092553769123,0.3842043889427689
-0.003910624319231,0.0085014243708624,-0.0524398474991042,-26.00131531886573,-7.519782737761755,0.7199203199093639
-0.0045539739527566,0.0083137099962089,-0.0524130187350995,-25.976649334806904,-7.574303892479173,1.0555854213435132
-0.0051964739356783,0.0081246983087107,-0.0523777956861704,-25.94790436458363,-7.627647316029869,1.391148186239578
-0.0058380193531415,0.0079344206087464,-0.0523341864844211,-25.9150836179305,-7.6798044758647235,1.7265570913615342
-0.0064785055104909,0.0077429083927582,-0.0522822006728691,-25.878190911418123,-7.730767010182336,2.061760604340732
-0.007117827951777,0.0075501933473957,-0.0522218492021819,-25.83723066874886,-7.780526729318431,2.396707190797185
-0.0077558824781766,0.0073563073436334,-0.0521531444271396,-25.792207920981014,-7.8290756171191855,2.7313453214840444
-0.008392565166323,0.0071612824308636,-0.052076100102824,-25.74312830668057,-7.876405832298096,3.065623479454562
-0.0090277723865427,0.0069651508309676,-0.0519907313805384,-25.68999807199988,-7.92250970977614,3.399490167251221
-0.0096614008209933,0.006767944932364,-0.0518970548034572,-25.632824070682723,-7.967379762004984,3.7328939141163695
-0.0102933474817,0.0065696972840382,-0.0517950883020103,-25.57161376399491,-8.011008680272896,4.065783283224064
-0.0109235097284861,0.0063704405895529,-0.051684851189002,-25.506375220579983,-8.053389335993124,4.398106878932247
-0.0115517852867929,0.0061702077010423,-0.0515663641544677,-25.43711711623913,-8.094514781974388,4.7298133540549125
-0.0121780722653871,0.0059690316131901,-0.0514396492602713,-25.363848733634736,-8.134378253673248,5.060851417153636
-0.0128022691739503,0.0057669454571946,-0.0513047299344439,-25.286579961917028,-8.172973170428003,5.391169839847736
-0.0134242749405473,0.0055639824947203,-0.0511616309652679,-25.205321296272853,-8.210293136673814,5.720717464142541
-0.01404398892897,0.0053601761118395,-0.0510103784951073,-25.120083837396216,-8.246331943138763,6.049443209774983
-0.0146613109559533,0.005155559812964,-0.0508510000139891,-25.030879290879724,-8.28108356802052,6.377296081576048
-0.0152761413082589,0.0049501672147685,-0.0506835243529353,-24.93771996652637,-8.314542178143286,6.704225176849084
-0.0158883807596244,0.0047440320401084,-0.0505079816770511,-24.840618777580936,-8.346702130094725,7.03017969276342
-0.0164979305875732,0.0045371881119312,-0.0503244034783697,-24.739589239880377,-8.37755797134251,7.355108933762593
-0.0171046925900837,0.0043296693471857,-0.0501328225684583,-24.634645470922568,-8.407104441330222,7.678962318986199
-0.0177085691021121,0.0041215097507274,-0.0499332730707859,-24.525802188852683,-8.435336472552198,8.001689389704774
-0.0183094630119683,0.0039127434092249,-0.049725790412859,-24.41307471136668,-8.462249191607043,8.323239816766796
-0.0189072777775399,0.0037034044850653,-0.0495104113181244,-24.296478954531075,-8.487837920229461,8.643563408056888
-0.0195019174423613,0.0034935272102628,-0.0492871737976451,-24.17603143151865,-8.512098176300059,8.962610115964539
-0.0200932866515268,0.0032831458803698,-0.0490561171415503,-24.0517492512591,-8.535025674832788,9.280330044862376
-0.0206812906674422,0.0030722948483938,-0.0488172819102637,-23.923650117004374,-8.556616328939654,9.596673458592845
-0.0212658353854142,0.0028610085187196,-0.0485707099255134,-23.791752324807884,-8.576866250772426,9.911590787962789
-0.0218468273490736,0.0026493213410397,-0.0483164442611246,-23.656074761916944,-8.595771752440902,10.225032638244716
-0.0224241737656304,0.002437267804293,-0.0480545292336012,-23.51663690507812,-8.613329346907438,10.53694979668358
-0.0229977825209573,0.0022248824306145,-0.0477850103924971,-23.373458818754493,-8.629535748857403,10.84729324000863
-0.0235675621945001,0.0020121997692956,-0.0475079345105817,-23.226561153254835,-8.644387875545183,11.156014141948644
-0.0241334220740114,0.0017992543907581,-0.0472233495738026,-23.075965142773462,-8.65788284761537,11.463063880749983
-0.0246952721701071,0.0015860808805421,-0.0469313047710486,-22.9216926033408,-8.67001798989884,11.768394046696264
-0.0252530232306399,0.0013727138333086,-0.0466318504837172,-22.763765930683864,-8.680790832183307,12.07195644962829
-0.0258065867548922,0.0011591878468605,-0.0463250382750884,-22.60220809799618,-8.690199109958042,12.373703126463528
-0.026355875007582,0.0009455375161792,-0.0460109208795102,-22.43704265361657,-8.698240765132404,12.673586348713815
-0.0269008010326822,0.0007317974274825,-0.0456895521913978,-22.26829371861656,-8.704913946727787,12.971558629999937
-0.0274412786670506,0.0005180021523019,-0.0453609872540506,-22.095985984295638,-8.71021701154271,13.267572733562211
-0.0279772225538684,0.0003041862415812,-0.0450252822482902,-21.920144709584022,-8.714148524790604,13.56158167976578
-0.0285085481558851,9.038421979850474e-05,-0.0446824944809232,-21.740795718352757,-8.716707260710058,13.853538753599134
-0.0290351717684695,-0.0001233694208882,-0.0443326823730325,-21.55796539663018,-8.717892203147057,14.143397512164984
-0.0295570105324631,-0.0003370402264705,-0.0439759054481,-21.371680689724855,-8.717702546108972,14.431111792162069
-0.030073982446835,-0.000550593786892,-0.0436122243199648,-21.18196909925443,-8.716137694289877,14.716635717356343
-0.0305860063811375,-0.0007639957418251,-0.0432417006806207,-20.988858680079865,-8.713197263566904,14.999923706040828
-0.0310930020877599,-0.0009772117864174,-0.0428643972878559,-20.792378037145014,-8.708881081467254,15.280930478482066
-0.0315948902139792,-0.0011902076770103,-0.0424803779527394,-20.59255632222105,-8.703189187605576,15.559611064352492
-0.0320915923138068,-0.0014029492368261,-0.0420897075269565,-20.389423230555305,-8.696121834091288,15.835920810146934
-0.0325830308596293,-0.0016154023616238,-0.0416924518899986,-20.183008997424693,-8.687679485905639,16.109815386581943
-0.0330691292536427,-0.0018275330253226,-0.04128867793621,-19.97334439459292,-8.677862821248048,16.381250795976673
-0.0335498118390791,-0.0020393072855913,-0.0408784535616949,-19.76046072667156,-8.666672731851468,16.65018337961376
-0.0340250039112233,-0.0022506912894036,-0.0404618476510897,-19.544389827384855,-8.654110323266455,16.916569825078746
-0.0344946317282201,-0.0024616512785576,-0.040038930064203,-19.325164055737797,-8.640176915113562,17.18036717357666
-0.0349586225216707,-0.0026721535951591,-0.0396097716225273,-19.10281629208741,-8.624874041303823,17.44153282722437
-0.0354169045070169,-0.0028821646870675,-0.0391744440956264,-18.877379934117386,-8.608203450226934,17.70002455631683
-0.0358694068937127,-0.0030916511133029,-0.0387330201874021,-18.648888892715465,-8.5901671049069,17.955800506566234
-0.0363160598951829,-0.0033005795494154,-0.0382855735222427,-18.41737758775385,-8.570767183124765,18.208819206312235
-0.0367567947385671,-0.0035089167928124,-0.0378321786310592,-18.18288094377257,-8.550006077508202,18.459039573701585
-0.0371915436742496,-0.0037166297680473,-0.0373729109372109,-17.945434385565473,-8.527886395587618,18.70642092383611
-0.0376202399851734,-0.0039236855320647,-0.0369078467423243,-17.705073833669246,-8.504410959818513,18.95092297588686
-0.0380428179959399,-0.0041300512794043,-0.0364370632120102,-17.461835699755206,-8.4795828075698,19.192505860173352
-0.0384592130816912,-0.004335694347361,-0.0359606383614809,-17.21575688192392,-8.453405191077794,19.43113012520606
-0.0388693616767768,-0.0045405822211015,-0.0354786510410727,-16.966874759903018,-8.42588157736565,19.66675674469056
-0.0392732012832036,-0.0047446825387355,-0.0349911809216757,-16.7152271901479,-8.397015648127919,19.89934712449174
-0.0396706704788688,-0.0049479630963426,-0.0344983084800756,-16.46085250084575,-8.366811299580013,20.12886310955668
-0.0400617089255765,-0.0051503918529517,-0.0340001149842111,-16.203789486823073,-8.33527264227231,20.355266990794007
-0.0404462573768365,-0.0053519369354749,-0.0334966824783498,-15.944077404356662,-8.302404000868648,20.578521511908704
-0.0408242576854465,-0.0055525666435933,-0.0329880937681857,-15.681755965888478,-8.268209913888988,20.79858987619041
-0.0411956528108571,-0.0057522494545945,-0.0324744324058636,-15.416865334644706,-8.232695133415993,21.015435753253417
-0.0415603868263201,-0.0059509540281625,-0.0319557826749322,-15.149446119159114,-8.195864624765333,21.22902328572704
-0.0419184049258199,-0.006148649211117,-0.0314322295752297,-14.87953936770108,-8.157723566119454,21.43931709589451
-0.0422696534307884,-0.0063453040421039,-0.0309038588077061,-14.607186562608874,-8.118277348124646,21.64628229227848
-0.0426140797966035,-0.0065408877562352,-0.0303707567591842,-14.332429614528175,-8.077531573451196,21.84988447617209
-0.0429516326188716,-0.0067353697896775,-0.0298330104870644,-14.055310856556671,-8.035492056316432,22.05008974811301
-0.0432822616394952,-0.0069287197841896,-0.0292907077039754,-13.775873038294854,-7.992164821970481,22.246864714299697
-0.0436059177525243,-0.0071209075916085,-0.028743936762374,-13.494159319803575,-7.947556106144535,22.440176492947447
-0.0439225530097938,-0.0073119032782822,-0.0281927866390987,-13.210213265469177,-7.901672354461546,22.62999272058289
-0.0442321206263471,-0.00750167712945,-0.0276373469198788,-12.924078837776229,-7.854520221809087,22.816281558275197
-0.0445345749856449,-0.0076901996535704,-0.027077707783803,-12.63580039098882,-7.806106571674296,22.99901169780222
-0.0448298716445626,-0.0078774415865939,-0.0265139599877506,-12.345422664741015,-7.756438475440762,23.178152367749888
-0.0451179673381743,-0.0080633738961832,-0.0259461948507888,-12.052990777536944,-7.705523211647215,23.35367333954316
-0.0453988199843262,-0.0082479677858778,-0.025374504238538,-11.7585502201612,-7.653368265207876,23.525544933406927
-0.0456723886879982,-0.0084311946992049,-0.0247989805475105,-11.462146849000607,-7.599981326594421,23.693738024254905
-0.0459386337454566,-0.0086130263237342,-0.0242197166894228,-11.163826879277671,-7.545370290979407,23.858224047505125
-0.0461975166481971,-0.0087934345950785,-0.0236368060754866,-10.86363687819661,-7.489543257341063,24.01897500482021
-0.0464490000866801,-0.0089723917008372,-0.0230503426006817,-10.56162375800316,-7.432508527529464,24.1759634697706
-0.046693047953858,-0.0091498700844854,-0.0224604206280114,-10.257834768958288,-7.374274605293861,24.329162593419365
-0.0469296253484972,-0.0093258424492051,-0.0218671349727462,-9.952317492227468,-7.314850195271281,24.478546109826528
-0.047158698578294,-0.0095002817616617,-0.0212705808866567,-9.645119832685852,-7.254244201936227,24.624088341471627
-0.047380235162787,-0.009673161255722,-0.0206708540422394,-9.336290011640475,-7.192465728511471,24.765764204592603
-0.0475942038360658,-0.0098444544361172,-0.0200680505169382,-9.025876559470746,-7.1295240758399965,24.903549214439376
-0.0478005745492784,-0.0100141350820471,-0.0194622667773641,-8.713928308187725,-7.065428741217938,25.037419490440545
-0.0479993184729369,-0.0101821772507283,-0.0188535996635154,-8.40049438391359,-7.00018941718862,25.16735176128159
-0.0481904079990245,-0.0103485552808841,-0.0182421463730029,-8.085624199282455,-6.933815990297703,25.293323369892843
-0.0483738167429035,-0.0105132437961776,-0.0176280044452802,-7.769367445763253,-6.866318539809371,25.41531227834563
-0.0485495195450264,-0.0106762177085867,-0.0170112717458835,-7.451774085906161,-6.797707336383698,25.53329707265524
-0.0487174924724508,-0.0108374522217213,-0.0163920464506834,-7.13289434551375,-6.7279928407151575,25.64725696748857
-0.0488777128201603,-0.010996922834083,-0.0157704270301499,-6.812778705737869,-6.657185702132398,25.757171810775528
-0.0490301591121917,-0.0111546053422663,-0.0151465122336346,-6.491477895103551,-6.5852967571592655,25.86302208822223
-0.0491748111025706,-0.0113104758441024,-0.014520401073672,-6.16904288146154,-6.512337028037275,25.964788927724456
-0.049311649776056,-0.0114645107417447,-0.0138921928103017,-5.845524863870128,-6.43831772120946,26.06245410368
-0.0494406573486971,-0.0116166867446958,-0.0132619869354149,-5.520975264408349,-6.363250225765885,26.156000041198297
-0.0495618172682006,-0.0117669808727772,-0.0126298831571265,-5.195445719921347,-6.28714611185079,26.245409820205904
-0.0496751142141135,-0.0119153704590404,-0.0119959813841761,-4.868988073699465,-6.210017129031544,26.330667179446223
-0.0497805340978202,-0.0120618331526196,-0.0113603817103595,-4.54165436709281,-6.131875204629598,26.41175652037215
-0.0498780640623568,-0.0122063469215273,-0.0107231843989926,-4.213496831062246,-6.052732442013501,26.48866291093013
-0.0499676924820436,-0.0123488900553911,-0.0100844898674105,-3.884567877668564,-5.972601118854185,26.56137208923429
-0.050049408961937,-0.0124894411681322,-0.009444398671504,-3.554920091501526,-5.891493685342738,26.62987046712906
-0.0501232043371035,-0.0126279792005873,-0.0088030114902946,-3.2246062210499584,-5.809422762370761,26.69414513363917
-0.0501890706717162,-0.012764483423071,-0.0081604291105512,-2.893679170014625,-5.726401139673563,26.75418385830549
-0.0502470012579755,-0.0128989334378817,-0.0075167524114493,-2.562191988565747,-5.642441773936443,26.809975094405367
-0.0502969906148563,-0.0130313091817491,-0.0068720823492759,-2.230197864546342,-5.55755778686421,26.86150798205632
-0.0503390344866828,-0.0131615909282247,-0.0062265199421811,-1.8977501146232896,-5.471762463214181,26.908772351201648
-0.050373129841532,-0.0132897592900139,-0.0055801662549779,-1.5649021753880286,-5.385069248793031,26.95175872447678
-0.050399274869469,-0.0134157952212521,-0.0049331223839938,-1.2317075944079887,-5.297491748417537,26.990458319955103
-0.050417468980614,-0.0135396800197222,-0.0042854894419737,-0.8982200212312716,-5.209043723839739,27.024863053772087
-0.0504277128030435,-0.0136613953290159,-0.0036373685430374,-0.564493198345662,-5.119739091636595,27.05496554262654
-0.0504300081805276,-0.0137809231406385,-0.0029888607876926,-0.2305809520940908,-5.029591921064531,27.080759106157814
-0.0504243581701046,-0.0138982457960554,-0.0023400672479059,0.103462816451488,-4.938616431879214,27.102237769197828
-0.050410767039494,-0.0140133459886837,-0.0016910889522318,0.4375841406563765,-4.846826992120809,27.119396263896917
-0.0503892402643511,-0.0141262067658267,-0.0010420268710036,0.7717289975274693,-4.754238115865063,27.132230031722354
-0.0503597845253632,-0.0142368115305519,-0.0003929819015849,1.1058433169535993,-4.660864460940636,27.14073522532851
-0.0503224077051903,-0.0143451440435137,0.0002559451463136,1.4398729909803454,-4.56672082661294,27.144908710297724
-0.0502771188852506,-0.0144511884247199,0.0009046535652543,1.7737638831172453,-4.471822151234891,27.144748066750875
-0.0502239283423545,-0.0145549291552425,0.0015530427646243,2.107461837675157,-4.376183509865025,27.14025159082671
-0.0501628475451862,-0.0146563510788738,0.0022010122851206,2.440912689132309,-4.279820111853254,27.13141829602904
-0.0500938891506368,-0.0147554394037265,0.0028484618131663,2.7740622715268,-4.182747298394732,27.11824791444099
-0.0500170669999893,-0.0148521797037793,0.003495291195255,3.106856427873295,-4.084980540052292,27.10074089780532
-0.0499323961149572,-0.0149465579203683,0.0041414004522253,3.4392410196025,-3.9865354342477497,27.07889841847017
-0.0498398926935792,-0.015038560363623,0.0047866897934608,3.7711619360206607,-3.887427702722696,27.052722370199422
-0.0497395741059703,-0.015128173713849,0.0054310596310173,4.102565103787626,-3.7876731889690616,27.0222153688469
-0.0496314588899324,-0.0152153850228562,0.0060744105936738,4.433396496411127,-3.687287855629971,26.98738075289369
-0.0495155667464244,-0.0153001817152341,0.006716643540908,4.763602143755017,-3.586287781871461,26.948222583848075
-0.0493919185348953,-0.0153825515895722,0.0073576595767936,5.09312814155975,-3.4846891607253863,26.90474564650732
-0.0492605362684803,-0.0154624828196294,0.0079973600638199,5.4219206609727735,-3.3825082964040707,26.85695544908065
-0.0491214431090618,-0.0155399639554484,0.0086356466366316,5.749925958086525,-3.279761601587311,26.804858223173216
-0.048974663362198,-0.0156149839244191,0.0092724212156877,6.077090383482254,-3.176465594682069,26.748460923630027
-0.0488202224719194,-0.0156875320322889,0.0099075860208403,6.403360391777307,-3.0726368970554865,26.687771228239868
-0.0486581470153951,-0.015757597964121,0.0105410435848294,6.728682551173572,-2.968292230241809,26.62279753729846
-0.0484884646974711,-0.0158251717852011,0.0111726967666962,7.053003553005198,-2.8634484131236078,26.55354897303051
-0.0483112043450812,-0.0158902439418928,0.0118024487651114,7.376270221283276,-2.7581223590879915,26.48003537887044
-0.0481263959015327,-0.0159528052624416,0.0124302031316187,7.698429522235062,-2.6523310731583627,26.402267318601336
-0.0479340704206679,-0.0160128469577278,0.0130558637837932,8.01942857383601,-2.546091649102181,26.32025607535181
-0.0477342600609042,-0.0160703606219691,0.0136793350183128,8.339214655331844,-2.439421266515493,26.234013650450763
-0.0475269980791518,-0.0161253382333731,0.014300521523943,8.657735216748913,-2.332337187884671,26.143552762139496
-0.0473123188246134,-0.016177772154739,0.0149193283944333,8.974937888390421,-2.2248567556260177,26.048886844141347
-0.0470902577324652,-0.0162276551340106,0.0155356611413259,9.29077049031612,-2.1169973891039287,25.950030044088614
-0.0468608513174218,-0.0162749803047789,0.0161494257066741,9.605181041803558,-2.008776581628088,25.846997221806543
-0.0466241371671859,-0.016319741186736,0.016760528475672,9.918117770788529,-1.900211897430401,25.739803947454543
-0.0463801539357843,-0.0163619316860803,0.0173688762891931,10.22952912328221,-1.791320968622387,25.628466499524627
-0.0461289413367922,-0.0164015460958732,0.0179743764562382,10.53936377276321,-1.6821214921334886,25.51300186269691
-0.0458705401364461,-0.0164385790963467,0.0185769367662913,10.847570629541986,-1.5726312266311069,25.393427725552563
-0.0456049921466479,-0.016473025755164,0.0191764655015843,11.154098850095329,-1.462867989422991,25.26976247814409
-0.0453323402178603,-0.0165048815276324,0.0197728714492681,11.458897846368902,-1.3528496533425984,25.142025209423224
-0.0450526282318962,-0.0165341422568676,0.0203660639134909,11.76191729504553,-1.242594143618127,25.010235704526615
-0.0447659010946022,-0.0165608041739129,0.0209559527273836,12.06310714677671,-1.1321194347259866,24.874414441919683
-0.0444722047284383,-0.0165848638978095,0.0215424482649497,12.362417635375651,-1.0214435472292194,24.73458259039864
-0.0441715860649549,-0.0166063184356219,0.0221254614528625,12.659799286969012,-0.910584544601771,24.5907620059514
-0.0438640930371678,-0.0166251651824161,0.0227049037821653,12.955202929105548,-0.79956053003917,24.442975228477483
-0.0435497745718338,-0.0166414019211923,0.0232806873198788,13.248579699819343,-0.6883896432563377,24.29124547836735
-0.0432286805816267,-0.016655026822772,0.0238527247205101,13.53988105664514,-0.5770900572733696,24.13559665294185
-0.0429008619572157,-0.016666038445639,0.0244209292374677,13.829058785583966,-0.4656799751898423,23.97605332275201
-0.0425663705592473,-0.0166744357357365,0.0249852147343793,14.11606501001666,-0.3541776269484413,23.81264072773988
-0.0422252592102316,-0.016680218026218,0.025545495696312,14.400852199562912,-0.2426012660887219,23.645384773261007
-0.0418775816863351,-0.0166833850371548,0.0261016872408974,14.68337317888405,-0.1309691664915875,23.474312025969137
-0.041523392709079,-0.0166839368751984,0.026653705129357,14.963581136427091,-0.0192996191153066,23.299449709563685
-0.0411627479369475,-0.0166818740331992,0.0272014657774314,15.24142963310792,0.0923890712761254,23.12082570040108
-0.0407957039569036,-0.0166771973897815,0.0277448862662107,15.516872610931584,0.2040785893916664,22.938468522970272
-0.0404223182758161,-0.0166699082088749,0.0282838843528671,15.789864401547518,0.3157506126981246,22.752407345233408
-0.0400426493117979,-0.0166600081392022,0.0288183784812886,16.0603597347374,0.427386814710447,22.56267197383268
-0.0396567563854558,-0.0166474992137246,0.0293482877926134,16.328313746833892,0.5389688682868224,22.36929284916379
-0.0392646997110556,-0.0166323838490441,0.0298735321356662,16.593681989067704,0.6504784489276095,22.17230104031749
-0.0388665403875997,-0.0166146648447632,0.0303940320772942,16.85642043584135,0.7618972380775186,21.971728239889625
-0.0384623403898211,-0.0165943453828026,0.0309097089126041,17.11648549292731,0.8732069264302009,21.767606758660985
-0.0380521625590944,-0.0165714290266766,0.0314204846750983,17.373834005588478,0.9843892172344032,21.55996952014809
-0.0376360705942629,-0.0165459197207266,0.0319262821467126,17.62842326661902,1.095425829601049,21.348850055025597
-0.0372141290423852,-0.0165178217893136,0.032427024867752,17.88021102430372,1.2062985018104235,21.134282495421736
-0.0367864032894007,-0.0164871399359688,0.0329226371467267,18.129155490293467,1.316988994618589,20.91630156908804
-0.0363529595507154,-0.016453879242503,0.0334130440700872,18.375215347395304,1.4274790945624105,20.69494259344413
-0.0359138648617083,-0.0164180451680755,0.0338981715118586,18.61834975727494,1.5377506172623407,20.47024146949913
-0.0354691870681611,-0.016379643548222,0.0343779461431733,18.85851836806968,1.647785410722119,20.24223467565097
-0.035018994816609,-0.0163386805938423,0.0348522954417026,19.09568132191008,1.757565358624732,20.0109592613647
-0.034563357544617,-0.0162951628901471,0.0353211477009868,19.329799262348395,1.8670723836238057,19.776452840731167
-0.0341023454709792,-0.0162490973955653,0.0357844320396627,19.560833341691765,1.9762884506295568,19.53875358590777
-0.0336360295858448,-0.0162004914406109,0.0362420784105899,19.7887452282387,2.085195570088729,19.297900220442106
-0.0331644816407691,-0.0161493527267108,0.0366940176098748,20.01349711341661,2.1937758012574986,19.053932012480605
-0.0326877741386923,-0.0160956893249926,0.037140181285791,20.235051718818983,2.302011255466767,18.80688876786312
-0.0322059803238457,-0.0160395096750326,0.0375805019475986,20.453372303140284,2.409884099378991,18.556810823105213
-0.0317191741715861,-0.0159808225835657,0.0380149129742592,20.668422669006784,2.517376558235704,18.303739038269807
-0.0312274303781601,-0.0159196372231556,0.0384433486230486,20.88016716970179,2.624470919095092,18.0477147897295
-0.0307308243503974,-0.0158559631308261,0.0388657440380659,21.08857071578356,2.731149534058796,17.788779962821284
-0.0302294321953359,-0.0157898102066536,0.0392820352586385,21.293598781594103,2.837394823487088,17.52697694439554
-0.0297233307097773,-0.015721188712322,0.0396921592276238,21.495217411657546,2.943189279201813,17.26234861526059
-0.0292125973697746,-0.0156501092696379,0.040096053799607,21.693393226966247,3.0485154676762414,16.994938342524705
-0.0286973103200534,-0.0155765828590084,0.0404936577489937,21.888093431153184,3.1533560332110344,16.724789971837566
-0.0281775483633656,-0.0155006208178805,0.0408849107779984,22.07928581654918,3.257693701095679,16.45194781953246
-0.0276533909497773,-0.0154222348391427,0.0412697535245284,22.26693877012336,3.3615112807545757,16.176456664671278
-0.0271249181658917,-0.0153414369694887,0.0416481275699622,22.45102127930545,3.464791668876975,15.898361740994378
-0.0265922107240074,-0.015258239607743,0.0420199754468223,22.631502937688587,3.5675178525301843,15.617708728776575
-0.0260553499512117,-0.0151726555031497,0.0423852406463423,22.808353950611014,3.6696729122550944,15.334543746591832
-0.0255144177784119,-0.0150846977536235,0.042743867625929,22.981545140615584,3.77124002514347,15.048913342988
-0.0249694967293025,-0.0149943798039628,0.0430958018165165,23.15104795278562,3.872202467896208,14.760864488073809
